date,insertion_order_id,insertion_order_name,line_item_id,line_item_name,channel,impressions,clicks,media_cost,total_cost,conversions,conversion_value,ctr,cpc,cpm,view_through_conversions,click_through_conversions
2026-01-01,DV_IO_001,Programmatic Display — Prospecting,DV_LI_001,Programmatic Display — Prospecting — Line Item 1,VIDEO,188044,3620,738.28,866.22,113.1,17341.62,0.0193,0.2,3.93,13,113
2026-01-01,DV_IO_002,YouTube Pre-roll — Brand,DV_LI_002,YouTube Pre-roll — Brand — Line Item 1,DISPLAY,43407,207,688.8,783.99,1.6,124.0,0.0048,3.33,15.87,10,1
2026-01-01,DV_IO_003,Programmatic Video — Retargeting,DV_LI_003,Programmatic Video — Retargeting — Line Item 1,VIDEO,164487,2614,731.09,844.02,56.0,1369.76,0.0159,0.28,4.44,4,56
2026-01-02,DV_IO_001,Programmatic Display — Prospecting,DV_LI_001,Programmatic Display — Prospecting — Line Item 1,VIDEO,147081,1670,645.52,716.24,63.7,6462.37,0.0114,0.39,4.39,5,63
2026-01-02,DV_IO_002,YouTube Pre-roll — Brand,DV_LI_002,YouTube Pre-roll — Brand — Line Item 1,VIDEO,45317,73,440.21,485.93,1.4,120.3,0.0016,6.03,9.71,2,1
2026-01-02,DV_IO_003,Programmatic Video — Retargeting,DV_LI_003,Programmatic Video — Retargeting — Line Item 1,YOUTUBE,55675,1103,698.62,820.7,42.7,7060.02,0.0198,0.63,12.55,16,42
2026-01-03,DV_IO_001,Programmatic Display — Prospecting,DV_LI_001,Programmatic Display — Prospecting — Line Item 1,VIDEO,163914,2095,742.59,866.02,48.4,1397.79,0.0128,0.35,4.53,7,48
2026-01-03,DV_IO_002,YouTube Pre-roll — Brand,DV_LI_002,YouTube Pre-roll — Brand — Line Item 1,YOUTUBE,44890,483,174.97,201.03,1.8,55.19,0.0108,0.36,3.9,17,1
2026-01-03,DV_IO_003,Programmatic Video — Retargeting,DV_LI_003,Programmatic Video — Retargeting — Line Item 1,YOUTUBE,27547,167,224.39,250.45,3.0,488.73,0.0061,1.34,8.15,13,3
2026-01-04,DV_IO_001,Programmatic Display — Prospecting,DV_LI_001,Programmatic Display — Prospecting — Line Item 1,YOUTUBE,157919,1667,362.57,411.85,56.0,7468.72,0.0106,0.22,2.3,4,56
2026-01-04,DV_IO_002,YouTube Pre-roll — Brand,DV_LI_002,YouTube Pre-roll — Brand — Line Item 1,YOUTUBE,148134,1497,549.53,609.4,68.9,1470.33,0.0101,0.37,3.71,19,68
2026-01-04,DV_IO_003,Programmatic Video — Retargeting,DV_LI_003,Programmatic Video — Retargeting — Line Item 1,VIDEO,118539,1429,255.58,294.42,39.2,6658.9,0.0121,0.18,2.16,6,39
2026-01-05,DV_IO_001,Programmatic Display — Prospecting,DV_LI_001,Programmatic Display — Prospecting — Line Item 1,VIDEO,120614,435,711.99,822.67,5.9,881.28,0.0036,1.64,5.9,4,5
2026-01-05,DV_IO_002,YouTube Pre-roll — Brand,DV_LI_002,YouTube Pre-roll — Brand — Line Item 1,DISPLAY,13558,70,282.95,324.79,2.9,480.12,0.0052,4.04,20.87,11,2
2026-01-05,DV_IO_003,Programmatic Video — Retargeting,DV_LI_003,Programmatic Video — Retargeting — Line Item 1,DISPLAY,151844,567,603.54,701.68,27.8,1588.77,0.0037,1.06,3.97,15,27
2026-01-06,DV_IO_001,Programmatic Display — Prospecting,DV_LI_001,Programmatic Display — Prospecting — Line Item 1,YOUTUBE,22666,295,260.52,298.16,4.4,517.13,0.013,0.88,11.49,14,4
2026-01-06,DV_IO_002,YouTube Pre-roll — Brand,DV_LI_002,YouTube Pre-roll — Brand — Line Item 1,VIDEO,93138,951,507.99,580.51,14.7,2136.35,0.0102,0.53,5.45,4,14
2026-01-06,DV_IO_003,Programmatic Video — Retargeting,DV_LI_003,Programmatic Video — Retargeting — Line Item 1,DISPLAY,123055,294,581.37,676.87,2.6,130.03,0.0024,1.98,4.72,11,2
2026-01-07,DV_IO_001,Programmatic Display — Prospecting,DV_LI_001,Programmatic Display — Prospecting — Line Item 1,DISPLAY,137813,2233,183.47,205.11,41.6,6947.2,0.0162,0.08,1.33,5,41
2026-01-07,DV_IO_002,YouTube Pre-roll — Brand,DV_LI_002,YouTube Pre-roll — Brand — Line Item 1,YOUTUBE,73256,841,696.62,810.08,21.7,3701.8,0.0115,0.83,9.51,5,21
2026-01-07,DV_IO_003,Programmatic Video — Retargeting,DV_LI_003,Programmatic Video — Retargeting — Line Item 1,DISPLAY,86627,1071,623.36,702.19,6.2,1037.63,0.0124,0.58,7.2,0,6
2026-01-08,DV_IO_001,Programmatic Display — Prospecting,DV_LI_001,Programmatic Display — Prospecting — Line Item 1,VIDEO,191155,2060,537.91,606.07,83.0,7181.16,0.0108,0.26,2.81,5,83
2026-01-08,DV_IO_002,YouTube Pre-roll — Brand,DV_LI_002,YouTube Pre-roll — Brand — Line Item 1,DISPLAY,19926,165,385.21,446.06,8.0,699.52,0.0083,2.33,19.33,6,8
2026-01-08,DV_IO_003,Programmatic Video — Retargeting,DV_LI_003,Programmatic Video — Retargeting — Line Item 1,YOUTUBE,165345,403,762.68,854.67,1.5,74.43,0.0024,1.89,4.61,11,1
2026-01-09,DV_IO_001,Programmatic Display — Prospecting,DV_LI_001,Programmatic Display — Prospecting — Line Item 1,DISPLAY,64222,874,781.53,903.73,26.7,1452.21,0.0136,0.89,12.17,12,26
2026-01-09,DV_IO_002,YouTube Pre-roll — Brand,DV_LI_002,YouTube Pre-roll — Brand — Line Item 1,DISPLAY,58289,521,248.97,279.25,20.8,1645.07,0.0089,0.48,4.27,17,20
2026-01-09,DV_IO_003,Programmatic Video — Retargeting,DV_LI_003,Programmatic Video — Retargeting — Line Item 1,DISPLAY,23518,248,553.62,654.27,5.7,856.37,0.0105,2.23,23.54,5,5
2026-01-10,DV_IO_001,Programmatic Display — Prospecting,DV_LI_001,Programmatic Display — Prospecting — Line Item 1,DISPLAY,83120,1060,591.94,683.16,46.8,2625.01,0.0128,0.56,7.12,19,46
2026-01-10,DV_IO_002,YouTube Pre-roll — Brand,DV_LI_002,YouTube Pre-roll — Brand — Line Item 1,DISPLAY,155876,510,190.05,227.91,9.3,646.44,0.0033,0.37,1.22,18,9
2026-01-10,DV_IO_003,Programmatic Video — Retargeting,DV_LI_003,Programmatic Video — Retargeting — Line Item 1,VIDEO,127650,630,473.17,537.9,30.1,5045.96,0.0049,0.75,3.71,12,30
2026-01-11,DV_IO_001,Programmatic Display — Prospecting,DV_LI_001,Programmatic Display — Prospecting — Line Item 1,YOUTUBE,22667,49,798.13,897.82,1.2,34.48,0.0022,16.29,35.21,10,1
2026-01-11,DV_IO_002,YouTube Pre-roll — Brand,DV_LI_002,YouTube Pre-roll — Brand — Line Item 1,YOUTUBE,138579,2634,762.43,840.56,65.2,1704.33,0.019,0.29,5.5,0,65
2026-01-11,DV_IO_003,Programmatic Video — Retargeting,DV_LI_003,Programmatic Video — Retargeting — Line Item 1,DISPLAY,53031,153,535.21,593.36,0.3,6.35,0.0029,3.5,10.09,1,0
2026-01-12,DV_IO_001,Programmatic Display — Prospecting,DV_LI_001,Programmatic Display — Prospecting — Line Item 1,VIDEO,41468,598,504.24,575.66,17.7,2336.58,0.0144,0.84,12.16,8,17
2026-01-12,DV_IO_002,YouTube Pre-roll — Brand,DV_LI_002,YouTube Pre-roll — Brand — Line Item 1,DISPLAY,120342,122,197.78,232.82,1.2,79.61,0.001,1.62,1.64,18,1
2026-01-12,DV_IO_003,Programmatic Video — Retargeting,DV_LI_003,Programmatic Video — Retargeting — Line Item 1,VIDEO,80159,1334,217.67,254.52,53.4,1318.98,0.0166,0.16,2.72,2,53
2026-01-13,DV_IO_001,Programmatic Display — Prospecting,DV_LI_001,Programmatic Display — Prospecting — Line Item 1,VIDEO,116992,1520,652.57,769.2,37.8,2783.59,0.013,0.43,5.58,14,37
2026-01-13,DV_IO_002,YouTube Pre-roll — Brand,DV_LI_002,YouTube Pre-roll — Brand — Line Item 1,VIDEO,67119,1088,244.26,277.7,19.2,1947.65,0.0162,0.22,3.64,15,19
2026-01-13,DV_IO_003,Programmatic Video — Retargeting,DV_LI_003,Programmatic Video — Retargeting — Line Item 1,VIDEO,174362,1090,434.77,479.56,49.6,3230.45,0.0063,0.4,2.49,0,49
2026-01-14,DV_IO_001,Programmatic Display — Prospecting,DV_LI_001,Programmatic Display — Prospecting — Line Item 1,DISPLAY,82047,1553,264.38,308.96,63.9,6163.79,0.0189,0.17,3.22,11,63
2026-01-14,DV_IO_002,YouTube Pre-roll — Brand,DV_LI_002,YouTube Pre-roll — Brand — Line Item 1,YOUTUBE,42985,142,736.12,869.48,2.2,116.69,0.0033,5.18,17.13,3,2
2026-01-14,DV_IO_003,Programmatic Video — Retargeting,DV_LI_003,Programmatic Video — Retargeting — Line Item 1,VIDEO,91359,1409,611.75,675.21,11.3,1263.23,0.0154,0.43,6.7,15,11
2026-01-15,DV_IO_001,Programmatic Display — Prospecting,DV_LI_001,Programmatic Display — Prospecting — Line Item 1,VIDEO,122833,263,401.29,470.24,10.6,1488.13,0.0021,1.53,3.27,8,10
2026-01-15,DV_IO_002,YouTube Pre-roll — Brand,DV_LI_002,YouTube Pre-roll — Brand — Line Item 1,YOUTUBE,180749,3559,647.43,714.6,106.2,13628.65,0.0197,0.18,3.58,7,106
2026-01-15,DV_IO_003,Programmatic Video — Retargeting,DV_LI_003,Programmatic Video — Retargeting — Line Item 1,YOUTUBE,161752,2735,334.26,400.34,119.3,5533.13,0.0169,0.12,2.07,5,119
2026-01-16,DV_IO_001,Programmatic Display — Prospecting,DV_LI_001,Programmatic Display — Prospecting — Line Item 1,YOUTUBE,28714,503,158.94,179.26,4.0,290.2,0.0175,0.32,5.54,15,4
2026-01-16,DV_IO_002,YouTube Pre-roll — Brand,DV_LI_002,YouTube Pre-roll — Brand — Line Item 1,YOUTUBE,100961,720,691.93,820.85,25.8,2859.67,0.0071,0.96,6.85,19,25
2026-01-16,DV_IO_003,Programmatic Video — Retargeting,DV_LI_003,Programmatic Video — Retargeting — Line Item 1,VIDEO,20040,294,645.68,757.95,1.8,137.57,0.0147,2.2,32.22,6,1
2026-01-17,DV_IO_001,Programmatic Display — Prospecting,DV_LI_001,Programmatic Display — Prospecting — Line Item 1,VIDEO,160299,68,711.06,810.82,2.7,360.05,0.0004,10.46,4.44,9,2
2026-01-17,DV_IO_002,YouTube Pre-roll — Brand,DV_LI_002,YouTube Pre-roll — Brand — Line Item 1,VIDEO,111290,1016,436.57,486.95,37.4,6178.85,0.0091,0.43,3.92,12,37
2026-01-17,DV_IO_003,Programmatic Video — Retargeting,DV_LI_003,Programmatic Video — Retargeting — Line Item 1,YOUTUBE,71039,36,330.55,378.56,0.7,122.91,0.0005,9.18,4.65,18,0
2026-01-18,DV_IO_001,Programmatic Display — Prospecting,DV_LI_001,Programmatic Display — Prospecting — Line Item 1,YOUTUBE,121317,1185,486.66,583.19,46.4,7453.23,0.0098,0.41,4.01,2,46
2026-01-18,DV_IO_002,YouTube Pre-roll — Brand,DV_LI_002,YouTube Pre-roll — Brand — Line Item 1,YOUTUBE,80625,662,577.44,679.01,20.3,2878.54,0.0082,0.87,7.16,1,20
2026-01-18,DV_IO_003,Programmatic Video — Retargeting,DV_LI_003,Programmatic Video — Retargeting — Line Item 1,YOUTUBE,47210,589,529.67,615.14,2.9,151.23,0.0125,0.9,11.22,2,2
2026-01-19,DV_IO_001,Programmatic Display — Prospecting,DV_LI_001,Programmatic Display — Prospecting — Line Item 1,YOUTUBE,133301,1672,199.29,236.49,62.3,6174.55,0.0125,0.12,1.5,4,62
2026-01-19,DV_IO_002,YouTube Pre-roll — Brand,DV_LI_002,YouTube Pre-roll — Brand — Line Item 1,YOUTUBE,166702,578,336.21,373.17,8.4,356.66,0.0035,0.58,2.02,5,8
2026-01-19,DV_IO_003,Programmatic Video — Retargeting,DV_LI_003,Programmatic Video — Retargeting — Line Item 1,VIDEO,86640,674,324.29,384.58,1.8,64.85,0.0078,0.48,3.74,13,1
2026-01-20,DV_IO_001,Programmatic Display — Prospecting,DV_LI_001,Programmatic Display — Prospecting — Line Item 1,YOUTUBE,149615,2102,288.97,332.61,4.9,380.78,0.014,0.14,1.93,6,4
2026-01-20,DV_IO_002,YouTube Pre-roll — Brand,DV_LI_002,YouTube Pre-roll — Brand — Line Item 1,YOUTUBE,58817,1174,443.85,495.01,21.6,2574.94,0.02,0.38,7.55,17,21
2026-01-20,DV_IO_003,Programmatic Video — Retargeting,DV_LI_003,Programmatic Video — Retargeting — Line Item 1,YOUTUBE,164858,2077,734.55,862.11,41.9,4533.58,0.0126,0.35,4.46,4,41
2026-01-21,DV_IO_001,Programmatic Display — Prospecting,DV_LI_001,Programmatic Display — Prospecting — Line Item 1,YOUTUBE,11686,116,312.1,356.13,0.6,77.66,0.0099,2.69,26.71,5,0
2026-01-21,DV_IO_002,YouTube Pre-roll — Brand,DV_LI_002,YouTube Pre-roll — Brand — Line Item 1,DISPLAY,18952,47,483.07,567.95,1.7,274.82,0.0025,10.28,25.49,10,1
2026-01-21,DV_IO_003,Programmatic Video — Retargeting,DV_LI_003,Programmatic Video — Retargeting — Line Item 1,VIDEO,10248,109,126.26,142.92,4.2,505.72,0.0106,1.16,12.32,9,4
2026-01-22,DV_IO_001,Programmatic Display — Prospecting,DV_LI_001,Programmatic Display — Prospecting — Line Item 1,DISPLAY,11748,69,219.74,243.26,2.2,169.71,0.0059,3.18,18.7,16,2
2026-01-22,DV_IO_002,YouTube Pre-roll — Brand,DV_LI_002,YouTube Pre-roll — Brand — Line Item 1,YOUTUBE,100088,1185,211.37,245.52,0.8,131.82,0.0118,0.18,2.11,13,0
2026-01-22,DV_IO_003,Programmatic Video — Retargeting,DV_LI_003,Programmatic Video — Retargeting — Line Item 1,VIDEO,56790,62,501.2,559.0,0.5,89.83,0.0011,8.08,8.83,0,0
2026-01-23,DV_IO_001,Programmatic Display — Prospecting,DV_LI_001,Programmatic Display — Prospecting — Line Item 1,YOUTUBE,24425,101,409.8,472.44,0.9,139.48,0.0041,4.06,16.78,14,0
2026-01-23,DV_IO_002,YouTube Pre-roll — Brand,DV_LI_002,YouTube Pre-roll — Brand — Line Item 1,YOUTUBE,101111,1881,322.13,363.68,27.1,3311.89,0.0186,0.17,3.19,18,27
2026-01-23,DV_IO_003,Programmatic Video — Retargeting,DV_LI_003,Programmatic Video — Retargeting — Line Item 1,DISPLAY,152109,996,759.31,840.47,48.3,5320.24,0.0065,0.76,4.99,9,48
2026-01-24,DV_IO_001,Programmatic Display — Prospecting,DV_LI_001,Programmatic Display — Prospecting — Line Item 1,VIDEO,61777,23,625.72,734.07,0.0,0.0,0.0004,27.21,10.13,7,0
2026-01-24,DV_IO_002,YouTube Pre-roll — Brand,DV_LI_002,YouTube Pre-roll — Brand — Line Item 1,DISPLAY,169042,2773,495.12,567.63,105.9,5699.54,0.0164,0.18,2.93,9,105
2026-01-24,DV_IO_003,Programmatic Video — Retargeting,DV_LI_003,Programmatic Video — Retargeting — Line Item 1,YOUTUBE,171018,937,636.21,720.47,43.1,3350.16,0.0055,0.68,3.72,0,43
2026-01-25,DV_IO_001,Programmatic Display — Prospecting,DV_LI_001,Programmatic Display — Prospecting — Line Item 1,VIDEO,77325,147,358.87,417.42,0.3,30.6,0.0019,2.44,4.64,5,0
2026-01-25,DV_IO_002,YouTube Pre-roll — Brand,DV_LI_002,YouTube Pre-roll — Brand — Line Item 1,VIDEO,43424,202,413.72,485.08,5.5,373.34,0.0047,2.05,9.53,15,5
2026-01-25,DV_IO_003,Programmatic Video — Retargeting,DV_LI_003,Programmatic Video — Retargeting — Line Item 1,VIDEO,196483,3164,646.46,712.78,124.1,18860.72,0.0161,0.2,3.29,12,124
2026-01-26,DV_IO_001,Programmatic Display — Prospecting,DV_LI_001,Programmatic Display — Prospecting — Line Item 1,DISPLAY,120429,571,507.35,568.72,27.3,4727.81,0.0047,0.89,4.21,14,27
2026-01-26,DV_IO_002,YouTube Pre-roll — Brand,DV_LI_002,YouTube Pre-roll — Brand — Line Item 1,VIDEO,198973,1970,127.89,150.75,19.6,437.86,0.0099,0.06,0.64,11,19
2026-01-26,DV_IO_003,Programmatic Video — Retargeting,DV_LI_003,Programmatic Video — Retargeting — Line Item 1,VIDEO,14564,126,590.81,695.27,3.2,89.25,0.0087,4.69,40.57,0,3
2026-01-27,DV_IO_001,Programmatic Display — Prospecting,DV_LI_001,Programmatic Display — Prospecting — Line Item 1,VIDEO,195709,1618,741.17,833.14,44.2,4725.42,0.0083,0.46,3.79,18,44
2026-01-27,DV_IO_002,YouTube Pre-roll — Brand,DV_LI_002,YouTube Pre-roll — Brand — Line Item 1,YOUTUBE,71590,1404,242.03,278.68,53.2,1444.91,0.0196,0.17,3.38,14,53
2026-01-27,DV_IO_003,Programmatic Video — Retargeting,DV_LI_003,Programmatic Video — Retargeting — Line Item 1,YOUTUBE,133004,1069,375.17,412.9,7.9,229.5,0.008,0.35,2.82,14,7
2026-01-28,DV_IO_001,Programmatic Display — Prospecting,DV_LI_001,Programmatic Display — Prospecting — Line Item 1,YOUTUBE,163930,3047,550.7,648.43,64.3,8714.58,0.0186,0.18,3.36,18,64
2026-01-28,DV_IO_002,YouTube Pre-roll — Brand,DV_LI_002,YouTube Pre-roll — Brand — Line Item 1,YOUTUBE,53793,943,724.66,818.0,21.5,2564.74,0.0175,0.77,13.47,19,21
2026-01-28,DV_IO_003,Programmatic Video — Retargeting,DV_LI_003,Programmatic Video — Retargeting — Line Item 1,VIDEO,46013,368,348.72,395.37,16.0,1480.16,0.008,0.95,7.58,18,16
2026-01-29,DV_IO_001,Programmatic Display — Prospecting,DV_LI_001,Programmatic Display — Prospecting — Line Item 1,YOUTUBE,63294,862,384.41,438.37,33.0,3367.32,0.0136,0.45,6.07,9,33
2026-01-29,DV_IO_002,YouTube Pre-roll — Brand,DV_LI_002,YouTube Pre-roll — Brand — Line Item 1,DISPLAY,129351,2226,592.41,675.56,23.1,2459.0,0.0172,0.27,4.58,9,23
2026-01-29,DV_IO_003,Programmatic Video — Retargeting,DV_LI_003,Programmatic Video — Retargeting — Line Item 1,YOUTUBE,125416,2246,218.99,255.49,5.3,868.3,0.0179,0.1,1.75,6,5
2026-01-30,DV_IO_001,Programmatic Display — Prospecting,DV_LI_001,Programmatic Display — Prospecting — Line Item 1,YOUTUBE,147385,1857,758.36,900.25,43.1,4528.52,0.0126,0.41,5.15,2,43
2026-01-30,DV_IO_002,YouTube Pre-roll — Brand,DV_LI_002,YouTube Pre-roll — Brand — Line Item 1,YOUTUBE,187399,3007,175.21,202.14,11.5,1347.45,0.016,0.06,0.93,13,11
2026-01-30,DV_IO_003,Programmatic Video — Retargeting,DV_LI_003,Programmatic Video — Retargeting — Line Item 1,VIDEO,114836,649,668.27,801.49,25.3,4097.84,0.0057,1.03,5.82,5,25
2026-01-31,DV_IO_001,Programmatic Display — Prospecting,DV_LI_001,Programmatic Display — Prospecting — Line Item 1,YOUTUBE,129864,1423,454.96,525.16,35.6,739.06,0.011,0.32,3.5,14,35
2026-01-31,DV_IO_002,YouTube Pre-roll — Brand,DV_LI_002,YouTube Pre-roll — Brand — Line Item 1,DISPLAY,113508,2038,636.43,746.94,1.6,163.06,0.018,0.31,5.61,19,1
2026-01-31,DV_IO_003,Programmatic Video — Retargeting,DV_LI_003,Programmatic Video — Retargeting — Line Item 1,VIDEO,86234,486,679.13,751.91,17.3,1557.52,0.0056,1.4,7.88,0,17
2026-02-01,DV_IO_001,Programmatic Display — Prospecting,DV_LI_001,Programmatic Display — Prospecting — Line Item 1,VIDEO,140077,2597,372.78,416.12,119.6,20785.28,0.0185,0.14,2.66,6,119
2026-02-01,DV_IO_002,YouTube Pre-roll — Brand,DV_LI_002,YouTube Pre-roll — Brand — Line Item 1,YOUTUBE,82530,683,390.06,466.91,4.8,636.43,0.0083,0.57,4.73,15,4
2026-02-01,DV_IO_003,Programmatic Video — Retargeting,DV_LI_003,Programmatic Video — Retargeting — Line Item 1,VIDEO,74034,931,517.23,592.33,21.0,3403.68,0.0126,0.56,6.99,11,21
2026-02-02,DV_IO_001,Programmatic Display — Prospecting,DV_LI_001,Programmatic Display — Prospecting — Line Item 1,DISPLAY,196779,795,272.28,313.43,32.6,4529.44,0.004,0.34,1.38,14,32
2026-02-02,DV_IO_002,YouTube Pre-roll — Brand,DV_LI_002,YouTube Pre-roll — Brand — Line Item 1,YOUTUBE,58830,377,472.32,521.34,15.6,2527.04,0.0064,1.25,8.03,12,15
2026-02-02,DV_IO_003,Programmatic Video — Retargeting,DV_LI_003,Programmatic Video — Retargeting — Line Item 1,YOUTUBE,123060,1746,746.01,842.05,11.9,982.46,0.0142,0.43,6.06,18,11
2026-02-03,DV_IO_001,Programmatic Display — Prospecting,DV_LI_001,Programmatic Display — Prospecting — Line Item 1,YOUTUBE,67620,43,433.72,501.76,1.9,101.65,0.0006,10.09,6.41,17,1
2026-02-03,DV_IO_002,YouTube Pre-roll — Brand,DV_LI_002,YouTube Pre-roll — Brand — Line Item 1,DISPLAY,49438,761,452.25,499.25,11.8,1785.46,0.0154,0.59,9.15,12,11
2026-02-03,DV_IO_003,Programmatic Video — Retargeting,DV_LI_003,Programmatic Video — Retargeting — Line Item 1,VIDEO,132565,58,628.56,751.84,0.0,0.0,0.0004,10.84,4.74,6,0
2026-02-04,DV_IO_001,Programmatic Display — Prospecting,DV_LI_001,Programmatic Display — Prospecting — Line Item 1,YOUTUBE,30518,408,679.5,812.15,8.4,1438.58,0.0134,1.67,22.27,0,8
2026-02-04,DV_IO_002,YouTube Pre-roll — Brand,DV_LI_002,YouTube Pre-roll — Brand — Line Item 1,DISPLAY,118979,1394,407.53,456.11,1.3,42.28,0.0117,0.29,3.43,13,1
2026-02-04,DV_IO_003,Programmatic Video — Retargeting,DV_LI_003,Programmatic Video — Retargeting — Line Item 1,YOUTUBE,115887,1085,766.13,846.93,22.3,2064.53,0.0094,0.71,6.61,19,22
2026-02-05,DV_IO_001,Programmatic Display — Prospecting,DV_LI_001,Programmatic Display — Prospecting — Line Item 1,YOUTUBE,198729,2593,537.89,638.24,104.7,6346.91,0.013,0.21,2.71,17,104
2026-02-05,DV_IO_002,YouTube Pre-roll — Brand,DV_LI_002,YouTube Pre-roll — Brand — Line Item 1,YOUTUBE,163754,1212,344.7,393.91,43.3,2184.92,0.0074,0.28,2.1,13,43
2026-02-05,DV_IO_003,Programmatic Video — Retargeting,DV_LI_003,Programmatic Video — Retargeting — Line Item 1,YOUTUBE,84350,227,539.63,604.14,6.5,569.07,0.0027,2.38,6.4,17,6
2026-02-06,DV_IO_001,Programmatic Display — Prospecting,DV_LI_001,Programmatic Display — Prospecting — Line Item 1,YOUTUBE,77339,745,181.84,210.7,26.7,580.99,0.0096,0.24,2.35,10,26
2026-02-06,DV_IO_002,YouTube Pre-roll — Brand,DV_LI_002,YouTube Pre-roll — Brand — Line Item 1,YOUTUBE,56956,940,363.37,422.58,45.3,7867.7,0.0165,0.39,6.38,14,45
2026-02-06,DV_IO_003,Programmatic Video — Retargeting,DV_LI_003,Programmatic Video — Retargeting — Line Item 1,YOUTUBE,42907,287,157.42,187.73,4.6,320.76,0.0067,0.55,3.67,7,4
2026-02-07,DV_IO_001,Programmatic Display — Prospecting,DV_LI_001,Programmatic Display — Prospecting — Line Item 1,VIDEO,134278,1272,405.12,454.99,42.1,6855.98,0.0095,0.32,3.02,19,42
2026-02-07,DV_IO_002,YouTube Pre-roll — Brand,DV_LI_002,YouTube Pre-roll — Brand — Line Item 1,DISPLAY,86108,981,760.44,838.13,15.7,845.76,0.0114,0.78,8.83,18,15
2026-02-07,DV_IO_003,Programmatic Video — Retargeting,DV_LI_003,Programmatic Video — Retargeting — Line Item 1,DISPLAY,147156,183,525.31,619.49,1.1,181.01,0.0012,2.87,3.57,11,1
2026-02-08,DV_IO_001,Programmatic Display — Prospecting,DV_LI_001,Programmatic Display — Prospecting — Line Item 1,YOUTUBE,26851,508,478.75,551.02,11.3,1488.55,0.0189,0.94,17.83,12,11
2026-02-08,DV_IO_002,YouTube Pre-roll — Brand,DV_LI_002,YouTube Pre-roll — Brand — Line Item 1,DISPLAY,39209,591,547.69,624.9,4.2,750.04,0.0151,0.93,13.97,2,4
2026-02-08,DV_IO_003,Programmatic Video — Retargeting,DV_LI_003,Programmatic Video — Retargeting — Line Item 1,YOUTUBE,188966,1087,233.61,257.51,28.4,584.76,0.0058,0.21,1.24,10,28
2026-02-09,DV_IO_001,Programmatic Display — Prospecting,DV_LI_001,Programmatic Display — Prospecting — Line Item 1,YOUTUBE,20926,384,599.4,686.88,19.1,1432.5,0.0184,1.56,28.64,3,19
2026-02-09,DV_IO_002,YouTube Pre-roll — Brand,DV_LI_002,YouTube Pre-roll — Brand — Line Item 1,DISPLAY,128913,2053,124.29,137.11,38.8,2218.97,0.0159,0.06,0.96,9,38
2026-02-09,DV_IO_003,Programmatic Video — Retargeting,DV_LI_003,Programmatic Video — Retargeting — Line Item 1,YOUTUBE,124090,1896,189.59,224.5,33.2,4906.3,0.0153,0.1,1.53,9,33
2026-02-10,DV_IO_001,Programmatic Display — Prospecting,DV_LI_001,Programmatic Display — Prospecting — Line Item 1,VIDEO,123938,901,413.35,455.68,4.3,727.69,0.0073,0.46,3.34,18,4
2026-02-10,DV_IO_002,YouTube Pre-roll — Brand,DV_LI_002,YouTube Pre-roll — Brand — Line Item 1,DISPLAY,23512,434,350.42,400.39,7.3,670.5,0.0185,0.81,14.9,15,7
2026-02-10,DV_IO_003,Programmatic Video — Retargeting,DV_LI_003,Programmatic Video — Retargeting — Line Item 1,DISPLAY,195285,1699,742.36,844.28,40.2,1250.62,0.0087,0.44,3.8,1,40
2026-02-11,DV_IO_001,Programmatic Display — Prospecting,DV_LI_001,Programmatic Display — Prospecting — Line Item 1,DISPLAY,173004,1626,718.74,848.42,76.3,5041.9,0.0094,0.44,4.15,13,76
2026-02-11,DV_IO_002,YouTube Pre-roll — Brand,DV_LI_002,YouTube Pre-roll — Brand — Line Item 1,YOUTUBE,151091,1811,286.12,333.04,19.0,2549.23,0.012,0.16,1.89,8,19
2026-02-11,DV_IO_003,Programmatic Video — Retargeting,DV_LI_003,Programmatic Video — Retargeting — Line Item 1,VIDEO,12822,179,195.38,223.36,1.8,271.53,0.014,1.09,15.24,18,1
2026-02-12,DV_IO_001,Programmatic Display — Prospecting,DV_LI_001,Programmatic Display — Prospecting — Line Item 1,DISPLAY,162714,2426,119.96,134.29,120.0,9451.2,0.0149,0.05,0.74,12,120
2026-02-12,DV_IO_002,YouTube Pre-roll — Brand,DV_LI_002,YouTube Pre-roll — Brand — Line Item 1,YOUTUBE,150303,167,591.9,651.61,6.2,642.57,0.0011,3.54,3.94,19,6
2026-02-12,DV_IO_003,Programmatic Video — Retargeting,DV_LI_003,Programmatic Video — Retargeting — Line Item 1,VIDEO,13208,113,621.7,707.42,2.9,306.96,0.0086,5.5,47.07,9,2
2026-02-13,DV_IO_001,Programmatic Display — Prospecting,DV_LI_001,Programmatic Display — Prospecting — Line Item 1,YOUTUBE,26223,287,710.03,838.53,12.7,318.52,0.0109,2.47,27.08,11,12
2026-02-13,DV_IO_002,YouTube Pre-roll — Brand,DV_LI_002,YouTube Pre-roll — Brand — Line Item 1,DISPLAY,27212,122,512.92,594.25,4.5,762.79,0.0045,4.2,18.85,19,4
2026-02-13,DV_IO_003,Programmatic Video — Retargeting,DV_LI_003,Programmatic Video — Retargeting — Line Item 1,YOUTUBE,63579,1120,269.95,300.29,6.9,704.14,0.0176,0.24,4.25,18,6
2026-02-14,DV_IO_001,Programmatic Display — Prospecting,DV_LI_001,Programmatic Display — Prospecting — Line Item 1,VIDEO,191680,3368,441.35,509.58,112.3,16144.25,0.0176,0.13,2.3,17,112
2026-02-14,DV_IO_002,YouTube Pre-roll — Brand,DV_LI_002,YouTube Pre-roll — Brand — Line Item 1,YOUTUBE,52424,209,582.62,677.86,9.2,1608.34,0.004,2.79,11.11,6,9
2026-02-14,DV_IO_003,Programmatic Video — Retargeting,DV_LI_003,Programmatic Video — Retargeting — Line Item 1,DISPLAY,17418,153,297.29,355.94,0.5,41.88,0.0088,1.94,17.07,19,0
2026-02-15,DV_IO_001,Programmatic Display — Prospecting,DV_LI_001,Programmatic Display — Prospecting — Line Item 1,DISPLAY,62468,492,741.66,873.02,1.0,71.9,0.0079,1.51,11.87,18,1
2026-02-15,DV_IO_002,YouTube Pre-roll — Brand,DV_LI_002,YouTube Pre-roll — Brand — Line Item 1,VIDEO,124971,1730,626.1,697.15,60.6,4500.76,0.0138,0.36,5.01,17,60
2026-02-15,DV_IO_003,Programmatic Video — Retargeting,DV_LI_003,Programmatic Video — Retargeting — Line Item 1,VIDEO,159088,2731,299.88,339.29,80.2,6561.16,0.0172,0.11,1.88,13,80
2026-02-16,DV_IO_001,Programmatic Display — Prospecting,DV_LI_001,Programmatic Display — Prospecting — Line Item 1,YOUTUBE,65846,248,550.55,623.99,8.2,331.77,0.0038,2.22,8.36,5,8
2026-02-16,DV_IO_002,YouTube Pre-roll — Brand,DV_LI_002,YouTube Pre-roll — Brand — Line Item 1,DISPLAY,161235,2202,549.8,611.84,87.3,11508.76,0.0137,0.25,3.41,12,87
2026-02-16,DV_IO_003,Programmatic Video — Retargeting,DV_LI_003,Programmatic Video — Retargeting — Line Item 1,VIDEO,194758,3222,160.18,180.16,106.3,9326.76,0.0165,0.05,0.82,11,106
2026-02-17,DV_IO_001,Programmatic Display — Prospecting,DV_LI_001,Programmatic Display — Prospecting — Line Item 1,YOUTUBE,145198,2872,421.8,500.78,4.1,703.03,0.0198,0.15,2.9,11,4
2026-02-17,DV_IO_002,YouTube Pre-roll — Brand,DV_LI_002,YouTube Pre-roll — Brand — Line Item 1,VIDEO,82936,804,563.83,629.49,36.4,5058.51,0.0097,0.7,6.8,9,36
2026-02-17,DV_IO_003,Programmatic Video — Retargeting,DV_LI_003,Programmatic Video — Retargeting — Line Item 1,DISPLAY,129728,292,257.73,306.67,0.9,133.19,0.0023,0.88,1.99,15,0
2026-02-18,DV_IO_001,Programmatic Display — Prospecting,DV_LI_001,Programmatic Display — Prospecting — Line Item 1,YOUTUBE,70406,1031,391.98,432.33,34.7,4497.47,0.0146,0.38,5.57,4,34
2026-02-18,DV_IO_002,YouTube Pre-roll — Brand,DV_LI_002,YouTube Pre-roll — Brand — Line Item 1,VIDEO,26400,444,118.93,136.95,20.1,2644.36,0.0168,0.27,4.5,10,20
2026-02-18,DV_IO_003,Programmatic Video — Retargeting,DV_LI_003,Programmatic Video — Retargeting — Line Item 1,VIDEO,179329,2640,155.15,182.86,45.0,3501.45,0.0147,0.06,0.87,13,45
2026-02-19,DV_IO_001,Programmatic Display — Prospecting,DV_LI_001,Programmatic Display — Prospecting — Line Item 1,YOUTUBE,22643,410,693.21,829.08,6.0,980.88,0.0181,1.69,30.61,14,6
2026-02-19,DV_IO_002,YouTube Pre-roll — Brand,DV_LI_002,YouTube Pre-roll — Brand — Line Item 1,YOUTUBE,133829,2372,104.76,121.56,7.6,854.09,0.0177,0.04,0.78,16,7
2026-02-19,DV_IO_003,Programmatic Video — Retargeting,DV_LI_003,Programmatic Video — Retargeting — Line Item 1,YOUTUBE,177309,3455,290.03,323.5,24.7,3581.01,0.0195,0.08,1.64,14,24
2026-02-20,DV_IO_001,Programmatic Display — Prospecting,DV_LI_001,Programmatic Display — Prospecting — Line Item 1,VIDEO,162702,754,679.87,778.31,16.9,1901.42,0.0046,0.9,4.18,4,16
2026-02-20,DV_IO_002,YouTube Pre-roll — Brand,DV_LI_002,YouTube Pre-roll — Brand — Line Item 1,VIDEO,107163,553,685.28,789.68,2.4,217.54,0.0052,1.24,6.39,17,2
2026-02-20,DV_IO_003,Programmatic Video — Retargeting,DV_LI_003,Programmatic Video — Retargeting — Line Item 1,VIDEO,16125,172,381.15,435.58,5.5,843.54,0.0107,2.22,23.64,9,5
2026-02-21,DV_IO_001,Programmatic Display — Prospecting,DV_LI_001,Programmatic Display — Prospecting — Line Item 1,VIDEO,70117,690,102.08,121.14,7.7,984.37,0.0098,0.15,1.46,19,7
2026-02-21,DV_IO_002,YouTube Pre-roll — Brand,DV_LI_002,YouTube Pre-roll — Brand — Line Item 1,YOUTUBE,80412,1594,480.85,571.52,41.6,5369.73,0.0198,0.3,5.98,16,41
2026-02-21,DV_IO_003,Programmatic Video — Retargeting,DV_LI_003,Programmatic Video — Retargeting — Line Item 1,YOUTUBE,78571,1359,431.68,513.29,39.8,4565.86,0.0173,0.32,5.49,17,39
2026-02-22,DV_IO_001,Programmatic Display — Prospecting,DV_LI_001,Programmatic Display — Prospecting — Line Item 1,YOUTUBE,191827,3019,184.62,204.85,10.4,533.73,0.0157,0.06,0.96,17,10
2026-02-22,DV_IO_002,YouTube Pre-roll — Brand,DV_LI_002,YouTube Pre-roll — Brand — Line Item 1,YOUTUBE,83912,1138,362.91,410.1,30.8,4097.63,0.0136,0.32,4.32,3,30
2026-02-22,DV_IO_003,Programmatic Video — Retargeting,DV_LI_003,Programmatic Video — Retargeting — Line Item 1,VIDEO,74893,469,111.6,128.43,6.5,550.88,0.0063,0.24,1.49,18,6
2026-02-23,DV_IO_001,Programmatic Display — Prospecting,DV_LI_001,Programmatic Display — Prospecting — Line Item 1,VIDEO,109155,1468,471.08,532.41,20.1,1990.5,0.0134,0.32,4.32,4,20
2026-02-23,DV_IO_002,YouTube Pre-roll — Brand,DV_LI_002,YouTube Pre-roll — Brand — Line Item 1,VIDEO,46081,494,527.47,625.64,0.5,45.87,0.0107,1.07,11.45,7,0
2026-02-23,DV_IO_003,Programmatic Video — Retargeting,DV_LI_003,Programmatic Video — Retargeting — Line Item 1,DISPLAY,13586,50,238.6,265.12,1.6,237.81,0.0037,4.77,17.56,14,1
2026-02-24,DV_IO_001,Programmatic Display — Prospecting,DV_LI_001,Programmatic Display — Prospecting — Line Item 1,VIDEO,31397,579,653.1,775.64,2.0,91.56,0.0184,1.13,20.8,12,2
2026-02-24,DV_IO_002,YouTube Pre-roll — Brand,DV_LI_002,YouTube Pre-roll — Brand — Line Item 1,DISPLAY,56029,340,673.54,782.93,4.1,337.43,0.0061,1.98,12.02,11,4
2026-02-24,DV_IO_003,Programmatic Video — Retargeting,DV_LI_003,Programmatic Video — Retargeting — Line Item 1,YOUTUBE,85798,1496,539.3,644.61,29.3,1305.9,0.0174,0.36,6.29,5,29
2026-02-25,DV_IO_001,Programmatic Display — Prospecting,DV_LI_001,Programmatic Display — Prospecting — Line Item 1,DISPLAY,27771,202,297.27,327.43,7.3,1302.03,0.0073,1.47,10.7,9,7
2026-02-25,DV_IO_002,YouTube Pre-roll — Brand,DV_LI_002,YouTube Pre-roll — Brand — Line Item 1,DISPLAY,169689,338,684.77,758.98,16.6,1335.47,0.002,2.03,4.04,15,16
2026-02-25,DV_IO_003,Programmatic Video — Retargeting,DV_LI_003,Programmatic Video — Retargeting — Line Item 1,VIDEO,88466,1407,333.6,375.01,54.9,7465.85,0.0159,0.24,3.77,17,54
2026-02-26,DV_IO_001,Programmatic Display — Prospecting,DV_LI_001,Programmatic Display — Prospecting — Line Item 1,YOUTUBE,18666,367,542.77,646.54,10.1,374.51,0.0197,1.48,29.08,17,10
2026-02-26,DV_IO_002,YouTube Pre-roll — Brand,DV_LI_002,YouTube Pre-roll — Brand — Line Item 1,VIDEO,48318,70,379.89,446.52,0.1,9.98,0.0014,5.43,7.86,17,0
2026-02-26,DV_IO_003,Programmatic Video — Retargeting,DV_LI_003,Programmatic Video — Retargeting — Line Item 1,VIDEO,102948,104,436.29,496.66,4.1,614.14,0.001,4.2,4.24,15,4
2026-02-27,DV_IO_001,Programmatic Display — Prospecting,DV_LI_001,Programmatic Display — Prospecting — Line Item 1,DISPLAY,187914,2696,640.87,744.2,50.0,2404.0,0.0143,0.24,3.41,18,50
2026-02-27,DV_IO_002,YouTube Pre-roll — Brand,DV_LI_002,YouTube Pre-roll — Brand — Line Item 1,YOUTUBE,185160,2435,248.24,280.96,33.4,3777.87,0.0132,0.1,1.34,1,33
2026-02-27,DV_IO_003,Programmatic Video — Retargeting,DV_LI_003,Programmatic Video — Retargeting — Line Item 1,VIDEO,57732,406,131.79,146.79,17.0,1300.5,0.007,0.32,2.28,12,17
2026-02-28,DV_IO_001,Programmatic Display — Prospecting,DV_LI_001,Programmatic Display — Prospecting — Line Item 1,VIDEO,193834,1599,402.37,472.51,13.6,672.38,0.0082,0.25,2.08,7,13
2026-02-28,DV_IO_002,YouTube Pre-roll — Brand,DV_LI_002,YouTube Pre-roll — Brand — Line Item 1,VIDEO,100397,1796,277.63,311.71,68.6,2206.86,0.0179,0.15,2.77,8,68
2026-02-28,DV_IO_003,Programmatic Video — Retargeting,DV_LI_003,Programmatic Video — Retargeting — Line Item 1,DISPLAY,185435,1484,477.3,559.32,35.0,4034.8,0.008,0.32,2.57,11,35
2026-03-01,DV_IO_001,Programmatic Display — Prospecting,DV_LI_001,Programmatic Display — Prospecting — Line Item 1,YOUTUBE,48122,546,292.92,322.56,6.9,915.84,0.0113,0.54,6.09,13,6
2026-03-01,DV_IO_002,YouTube Pre-roll — Brand,DV_LI_002,YouTube Pre-roll — Brand — Line Item 1,YOUTUBE,97622,1353,352.61,393.5,25.0,1248.75,0.0139,0.26,3.61,2,25
2026-03-01,DV_IO_003,Programmatic Video — Retargeting,DV_LI_003,Programmatic Video — Retargeting — Line Item 1,VIDEO,27579,315,133.98,159.67,4.6,209.07,0.0114,0.43,4.86,19,4
2026-03-02,DV_IO_001,Programmatic Display — Prospecting,DV_LI_001,Programmatic Display — Prospecting — Line Item 1,DISPLAY,195743,2859,120.69,134.77,62.9,4272.8,0.0146,0.04,0.62,4,62
2026-03-02,DV_IO_002,YouTube Pre-roll — Brand,DV_LI_002,YouTube Pre-roll — Brand — Line Item 1,DISPLAY,136214,2482,133.11,152.35,73.0,4763.98,0.0182,0.05,0.98,0,73
2026-03-02,DV_IO_003,Programmatic Video — Retargeting,DV_LI_003,Programmatic Video — Retargeting — Line Item 1,YOUTUBE,18510,361,294.81,338.96,3.4,438.87,0.0195,0.82,15.93,6,3
2026-03-03,DV_IO_001,Programmatic Display — Prospecting,DV_LI_001,Programmatic Display — Prospecting — Line Item 1,YOUTUBE,75440,508,693.46,810.5,5.8,531.34,0.0067,1.37,9.19,14,5
2026-03-03,DV_IO_002,YouTube Pre-roll — Brand,DV_LI_002,YouTube Pre-roll — Brand — Line Item 1,DISPLAY,189179,1172,350.53,398.87,56.0,6390.72,0.0062,0.3,1.85,7,56
2026-03-03,DV_IO_003,Programmatic Video — Retargeting,DV_LI_003,Programmatic Video — Retargeting — Line Item 1,YOUTUBE,192333,856,742.36,856.14,35.3,6097.37,0.0045,0.87,3.86,2,35
2026-03-04,DV_IO_001,Programmatic Display — Prospecting,DV_LI_001,Programmatic Display — Prospecting — Line Item 1,DISPLAY,105298,2076,757.96,897.72,22.3,2960.33,0.0197,0.37,7.2,18,22
2026-03-04,DV_IO_002,YouTube Pre-roll — Brand,DV_LI_002,YouTube Pre-roll — Brand — Line Item 1,YOUTUBE,93207,130,610.61,687.48,5.3,871.43,0.0014,4.7,6.55,9,5
2026-03-04,DV_IO_003,Programmatic Video — Retargeting,DV_LI_003,Programmatic Video — Retargeting — Line Item 1,YOUTUBE,87472,118,451.68,525.39,1.7,195.09,0.0013,3.83,5.16,7,1
2026-03-05,DV_IO_001,Programmatic Display — Prospecting,DV_LI_001,Programmatic Display — Prospecting — Line Item 1,DISPLAY,36998,690,102.3,120.78,12.4,290.16,0.0186,0.15,2.77,0,12
2026-03-05,DV_IO_002,YouTube Pre-roll — Brand,DV_LI_002,YouTube Pre-roll — Brand — Line Item 1,YOUTUBE,57243,93,481.08,564.45,3.6,152.28,0.0016,5.17,8.4,4,3
2026-03-05,DV_IO_003,Programmatic Video — Retargeting,DV_LI_003,Programmatic Video — Retargeting — Line Item 1,YOUTUBE,78822,1434,152.93,178.35,8.4,483.84,0.0182,0.11,1.94,14,8
2026-03-06,DV_IO_001,Programmatic Display — Prospecting,DV_LI_001,Programmatic Display — Prospecting — Line Item 1,YOUTUBE,72891,78,374.61,447.33,3.5,592.59,0.0011,4.8,5.14,10,3
2026-03-06,DV_IO_002,YouTube Pre-roll — Brand,DV_LI_002,YouTube Pre-roll — Brand — Line Item 1,VIDEO,34896,406,748.35,838.36,15.2,2196.55,0.0116,1.84,21.45,3,15
2026-03-06,DV_IO_003,Programmatic Video — Retargeting,DV_LI_003,Programmatic Video — Retargeting — Line Item 1,VIDEO,43614,640,516.87,574.75,2.9,275.06,0.0147,0.81,11.85,1,2
2026-03-07,DV_IO_001,Programmatic Display — Prospecting,DV_LI_001,Programmatic Display — Prospecting — Line Item 1,DISPLAY,50129,833,394.42,434.1,36.0,5315.04,0.0166,0.47,7.87,6,36
2026-03-07,DV_IO_002,YouTube Pre-roll — Brand,DV_LI_002,YouTube Pre-roll — Brand — Line Item 1,YOUTUBE,95014,1867,356.53,408.58,67.5,5834.7,0.0196,0.19,3.75,2,67
2026-03-07,DV_IO_003,Programmatic Video — Retargeting,DV_LI_003,Programmatic Video — Retargeting — Line Item 1,VIDEO,96402,1602,124.13,137.4,33.9,2447.58,0.0166,0.08,1.29,13,33
2026-03-08,DV_IO_001,Programmatic Display — Prospecting,DV_LI_001,Programmatic Display — Prospecting — Line Item 1,DISPLAY,144637,93,457.92,543.31,4.0,587.56,0.0006,4.92,3.17,8,4
2026-03-08,DV_IO_002,YouTube Pre-roll — Brand,DV_LI_002,YouTube Pre-roll — Brand — Line Item 1,YOUTUBE,114192,1142,605.61,721.8,38.1,6266.69,0.01,0.53,5.3,13,38
2026-03-08,DV_IO_003,Programmatic Video — Retargeting,DV_LI_003,Programmatic Video — Retargeting — Line Item 1,DISPLAY,171126,3004,433.42,517.16,123.1,15638.62,0.0176,0.14,2.53,3,123
2026-03-09,DV_IO_001,Programmatic Display — Prospecting,DV_LI_001,Programmatic Display — Prospecting — Line Item 1,VIDEO,98982,178,468.63,561.81,8.1,1051.06,0.0018,2.63,4.73,13,8
2026-03-09,DV_IO_002,YouTube Pre-roll — Brand,DV_LI_002,YouTube Pre-roll — Brand — Line Item 1,VIDEO,50320,221,197.0,222.43,7.3,695.62,0.0044,0.89,3.91,14,7
2026-03-09,DV_IO_003,Programmatic Video — Retargeting,DV_LI_003,Programmatic Video — Retargeting — Line Item 1,DISPLAY,147659,2753,346.95,404.04,72.7,3147.91,0.0186,0.13,2.35,7,72
2026-03-10,DV_IO_001,Programmatic Display — Prospecting,DV_LI_001,Programmatic Display — Prospecting — Line Item 1,VIDEO,75722,517,709.51,817.56,17.1,1957.27,0.0068,1.37,9.37,3,17
2026-03-10,DV_IO_002,YouTube Pre-roll — Brand,DV_LI_002,YouTube Pre-roll — Brand — Line Item 1,DISPLAY,162189,1692,632.96,699.57,7.2,736.42,0.0104,0.37,3.9,2,7
2026-03-10,DV_IO_003,Programmatic Video — Retargeting,DV_LI_003,Programmatic Video — Retargeting — Line Item 1,VIDEO,93902,1277,790.66,921.74,40.4,2684.58,0.0136,0.62,8.42,6,40
2026-03-11,DV_IO_001,Programmatic Display — Prospecting,DV_LI_001,Programmatic Display — Prospecting — Line Item 1,YOUTUBE,30088,154,307.44,347.88,3.9,566.63,0.0051,2.0,10.22,15,3
2026-03-11,DV_IO_002,YouTube Pre-roll — Brand,DV_LI_002,YouTube Pre-roll — Brand — Line Item 1,VIDEO,18764,194,154.97,178.24,6.9,499.91,0.0103,0.8,8.26,3,6
2026-03-11,DV_IO_003,Programmatic Video — Retargeting,DV_LI_003,Programmatic Video — Retargeting — Line Item 1,YOUTUBE,123759,1320,170.28,197.46,15.1,1285.77,0.0107,0.13,1.38,7,15
2026-03-12,DV_IO_001,Programmatic Display — Prospecting,DV_LI_001,Programmatic Display — Prospecting — Line Item 1,YOUTUBE,100662,1408,185.68,205.14,24.5,3579.7,0.014,0.13,1.84,14,24
2026-03-12,DV_IO_002,YouTube Pre-roll — Brand,DV_LI_002,YouTube Pre-roll — Brand — Line Item 1,VIDEO,57570,1113,596.14,696.26,41.0,3972.9,0.0193,0.54,10.36,7,41
2026-03-12,DV_IO_003,Programmatic Video — Retargeting,DV_LI_003,Programmatic Video — Retargeting — Line Item 1,VIDEO,72581,1135,569.88,673.26,20.5,1243.53,0.0156,0.5,7.85,6,20
2026-03-13,DV_IO_001,Programmatic Display — Prospecting,DV_LI_001,Programmatic Display — Prospecting — Line Item 1,YOUTUBE,37625,443,283.97,337.41,10.7,1917.87,0.0118,0.64,7.55,4,10
2026-03-13,DV_IO_002,YouTube Pre-roll — Brand,DV_LI_002,YouTube Pre-roll — Brand — Line Item 1,VIDEO,58975,941,703.94,814.95,30.5,2827.65,0.016,0.75,11.94,16,30
2026-03-13,DV_IO_003,Programmatic Video — Retargeting,DV_LI_003,Programmatic Video — Retargeting — Line Item 1,VIDEO,64801,1075,479.64,560.65,46.2,8061.9,0.0166,0.45,7.4,11,46
2026-03-14,DV_IO_001,Programmatic Display — Prospecting,DV_LI_001,Programmatic Display — Prospecting — Line Item 1,DISPLAY,116688,2244,168.57,187.43,77.4,11935.08,0.0192,0.08,1.44,1,77
2026-03-14,DV_IO_002,YouTube Pre-roll — Brand,DV_LI_002,YouTube Pre-roll — Brand — Line Item 1,YOUTUBE,96474,548,641.31,757.4,5.7,549.37,0.0057,1.17,6.65,8,5
2026-03-14,DV_IO_003,Programmatic Video — Retargeting,DV_LI_003,Programmatic Video — Retargeting — Line Item 1,DISPLAY,80255,1497,379.38,439.92,55.5,1714.39,0.0187,0.25,4.73,1,55
2026-03-15,DV_IO_001,Programmatic Display — Prospecting,DV_LI_001,Programmatic Display — Prospecting — Line Item 1,DISPLAY,107785,1177,278.27,314.58,3.7,469.01,0.0109,0.24,2.58,6,3
2026-03-15,DV_IO_002,YouTube Pre-roll — Brand,DV_LI_002,YouTube Pre-roll — Brand — Line Item 1,VIDEO,27491,170,425.66,510.24,2.2,146.81,0.0062,2.5,15.48,15,2
2026-03-15,DV_IO_003,Programmatic Video — Retargeting,DV_LI_003,Programmatic Video — Retargeting — Line Item 1,YOUTUBE,98503,725,444.5,501.09,16.7,2872.73,0.0074,0.61,4.51,0,16
2026-03-16,DV_IO_001,Programmatic Display — Prospecting,DV_LI_001,Programmatic Display — Prospecting — Line Item 1,DISPLAY,178043,2213,519.17,580.14,104.5,15119.06,0.0124,0.23,2.92,13,104
2026-03-16,DV_IO_002,YouTube Pre-roll — Brand,DV_LI_002,YouTube Pre-roll — Brand — Line Item 1,VIDEO,166232,2427,647.51,740.26,80.3,13304.1,0.0146,0.27,3.9,8,80
2026-03-16,DV_IO_003,Programmatic Video — Retargeting,DV_LI_003,Programmatic Video — Retargeting — Line Item 1,DISPLAY,188284,3072,696.29,775.14,37.4,1549.11,0.0163,0.23,3.7,10,37
2026-03-17,DV_IO_001,Programmatic Display — Prospecting,DV_LI_001,Programmatic Display — Prospecting — Line Item 1,VIDEO,182746,2722,332.62,394.36,108.8,17796.42,0.0149,0.12,1.82,7,108
2026-03-17,DV_IO_002,YouTube Pre-roll — Brand,DV_LI_002,YouTube Pre-roll — Brand — Line Item 1,VIDEO,35768,693,727.5,863.97,6.8,1083.72,0.0194,1.05,20.34,3,6
2026-03-17,DV_IO_003,Programmatic Video — Retargeting,DV_LI_003,Programmatic Video — Retargeting — Line Item 1,YOUTUBE,125636,2174,637.17,760.37,6.0,336.06,0.0173,0.29,5.07,17,6
2026-03-18,DV_IO_001,Programmatic Display — Prospecting,DV_LI_001,Programmatic Display — Prospecting — Line Item 1,DISPLAY,102720,74,117.42,134.06,1.3,148.54,0.0007,1.59,1.14,13,1
2026-03-18,DV_IO_002,YouTube Pre-roll — Brand,DV_LI_002,YouTube Pre-roll — Brand — Line Item 1,YOUTUBE,52221,775,570.64,679.8,3.1,140.21,0.0148,0.74,10.93,10,3
2026-03-18,DV_IO_003,Programmatic Video — Retargeting,DV_LI_003,Programmatic Video — Retargeting — Line Item 1,YOUTUBE,192296,2761,548.86,607.19,97.1,16313.77,0.0144,0.2,2.85,5,97
2026-03-19,DV_IO_001,Programmatic Display — Prospecting,DV_LI_001,Programmatic Display — Prospecting — Line Item 1,VIDEO,171904,195,447.98,527.84,9.5,369.93,0.0011,2.3,2.61,16,9
2026-03-19,DV_IO_002,YouTube Pre-roll — Brand,DV_LI_002,YouTube Pre-roll — Brand — Line Item 1,YOUTUBE,19695,274,248.15,281.05,2.8,455.98,0.0139,0.91,12.6,6,2
2026-03-19,DV_IO_003,Programmatic Video — Retargeting,DV_LI_003,Programmatic Video — Retargeting — Line Item 1,DISPLAY,70385,1276,638.06,728.57,53.2,3901.16,0.0181,0.5,9.07,19,53
2026-03-20,DV_IO_001,Programmatic Display — Prospecting,DV_LI_001,Programmatic Display — Prospecting — Line Item 1,YOUTUBE,99365,502,514.5,587.31,6.1,1054.99,0.0051,1.02,5.18,14,6
2026-03-20,DV_IO_002,YouTube Pre-roll — Brand,DV_LI_002,YouTube Pre-roll — Brand — Line Item 1,VIDEO,118784,938,756.0,890.9,46.9,4239.76,0.0079,0.81,6.36,17,46
2026-03-20,DV_IO_003,Programmatic Video — Retargeting,DV_LI_003,Programmatic Video — Retargeting — Line Item 1,VIDEO,58114,705,133.46,151.03,3.3,500.35,0.0121,0.19,2.3,11,3
2026-03-21,DV_IO_001,Programmatic Display — Prospecting,DV_LI_001,Programmatic Display — Prospecting — Line Item 1,YOUTUBE,30313,69,297.28,335.98,3.0,442.74,0.0023,4.31,9.81,5,3
2026-03-21,DV_IO_002,YouTube Pre-roll — Brand,DV_LI_002,YouTube Pre-roll — Brand — Line Item 1,YOUTUBE,176659,2151,267.1,306.23,105.3,2405.05,0.0122,0.12,1.51,4,105
2026-03-21,DV_IO_003,Programmatic Video — Retargeting,DV_LI_003,Programmatic Video — Retargeting — Line Item 1,DISPLAY,134920,955,481.47,564.36,3.1,345.31,0.0071,0.5,3.57,5,3
2026-03-22,DV_IO_001,Programmatic Display — Prospecting,DV_LI_001,Programmatic Display — Prospecting — Line Item 1,VIDEO,191649,2965,227.22,263.6,54.0,5038.2,0.0155,0.08,1.19,1,54
2026-03-22,DV_IO_002,YouTube Pre-roll — Brand,DV_LI_002,YouTube Pre-roll — Brand — Line Item 1,VIDEO,191825,2223,633.49,711.96,2.2,201.04,0.0116,0.28,3.3,0,2
2026-03-22,DV_IO_003,Programmatic Video — Retargeting,DV_LI_003,Programmatic Video — Retargeting — Line Item 1,DISPLAY,31823,438,340.43,390.42,9.1,502.77,0.0138,0.78,10.7,14,9
2026-03-23,DV_IO_001,Programmatic Display — Prospecting,DV_LI_001,Programmatic Display — Prospecting — Line Item 1,DISPLAY,166192,1994,384.18,432.95,60.2,8531.54,0.012,0.19,2.31,5,60
2026-03-23,DV_IO_002,YouTube Pre-roll — Brand,DV_LI_002,YouTube Pre-roll — Brand — Line Item 1,VIDEO,54320,349,707.77,833.47,8.5,1216.01,0.0064,2.03,13.03,11,8
2026-03-23,DV_IO_003,Programmatic Video — Retargeting,DV_LI_003,Programmatic Video — Retargeting — Line Item 1,YOUTUBE,146591,2560,484.05,574.8,11.0,1599.84,0.0175,0.19,3.3,12,11
2026-03-24,DV_IO_001,Programmatic Display — Prospecting,DV_LI_001,Programmatic Display — Prospecting — Line Item 1,VIDEO,59517,541,456.62,533.04,15.1,2315.43,0.0091,0.84,7.67,5,15
2026-03-24,DV_IO_002,YouTube Pre-roll — Brand,DV_LI_002,YouTube Pre-roll — Brand — Line Item 1,YOUTUBE,199097,280,594.4,686.1,10.7,536.28,0.0014,2.12,2.99,8,10
2026-03-24,DV_IO_003,Programmatic Video — Retargeting,DV_LI_003,Programmatic Video — Retargeting — Line Item 1,DISPLAY,184021,3237,684.25,772.66,98.0,2429.42,0.0176,0.21,3.72,8,98
2026-03-25,DV_IO_001,Programmatic Display — Prospecting,DV_LI_001,Programmatic Display — Prospecting — Line Item 1,VIDEO,86256,1445,153.23,183.36,26.7,962.8,0.0168,0.11,1.78,1,26
2026-03-25,DV_IO_002,YouTube Pre-roll — Brand,DV_LI_002,YouTube Pre-roll — Brand — Line Item 1,DISPLAY,55901,512,759.17,835.91,24.1,880.13,0.0092,1.48,13.58,2,24
2026-03-25,DV_IO_003,Programmatic Video — Retargeting,DV_LI_003,Programmatic Video — Retargeting — Line Item 1,DISPLAY,163841,718,325.65,383.97,11.3,1051.47,0.0044,0.45,1.99,6,11
2026-03-26,DV_IO_001,Programmatic Display — Prospecting,DV_LI_001,Programmatic Display — Prospecting — Line Item 1,VIDEO,51326,228,778.22,908.16,4.5,96.93,0.0044,3.41,15.16,13,4
2026-03-26,DV_IO_002,YouTube Pre-roll — Brand,DV_LI_002,YouTube Pre-roll — Brand — Line Item 1,DISPLAY,77437,690,371.83,420.69,14.9,408.56,0.0089,0.54,4.8,5,14
2026-03-26,DV_IO_003,Programmatic Video — Retargeting,DV_LI_003,Programmatic Video — Retargeting — Line Item 1,VIDEO,68976,668,389.75,437.81,31.9,5144.19,0.0097,0.58,5.65,3,31
2026-03-27,DV_IO_001,Programmatic Display — Prospecting,DV_LI_001,Programmatic Display — Prospecting — Line Item 1,VIDEO,77204,66,440.35,523.34,1.8,53.08,0.0009,6.67,5.7,0,1
2026-03-27,DV_IO_002,YouTube Pre-roll — Brand,DV_LI_002,YouTube Pre-roll — Brand — Line Item 1,VIDEO,11271,175,203.03,240.96,3.5,366.17,0.0155,1.16,18.01,12,3
2026-03-27,DV_IO_003,Programmatic Video — Retargeting,DV_LI_003,Programmatic Video — Retargeting — Line Item 1,YOUTUBE,140880,2019,768.38,896.8,48.1,3759.02,0.0143,0.38,5.45,2,48
2026-03-28,DV_IO_001,Programmatic Display — Prospecting,DV_LI_001,Programmatic Display — Prospecting — Line Item 1,VIDEO,177458,1160,592.2,686.93,4.3,470.94,0.0065,0.51,3.34,5,4
2026-03-28,DV_IO_002,YouTube Pre-roll — Brand,DV_LI_002,YouTube Pre-roll — Brand — Line Item 1,DISPLAY,116231,109,451.01,524.72,0.5,67.17,0.0009,4.14,3.88,12,0
2026-03-28,DV_IO_003,Programmatic Video — Retargeting,DV_LI_003,Programmatic Video — Retargeting — Line Item 1,YOUTUBE,18501,157,276.04,322.15,4.4,767.58,0.0085,1.76,14.92,9,4
2026-03-29,DV_IO_001,Programmatic Display — Prospecting,DV_LI_001,Programmatic Display — Prospecting — Line Item 1,YOUTUBE,177946,1852,447.35,534.89,72.9,12066.41,0.0104,0.24,2.51,11,72
2026-03-29,DV_IO_002,YouTube Pre-roll — Brand,DV_LI_002,YouTube Pre-roll — Brand — Line Item 1,YOUTUBE,152611,2724,631.41,739.65,40.0,4830.8,0.0178,0.23,4.14,8,40
2026-03-29,DV_IO_003,Programmatic Video — Retargeting,DV_LI_003,Programmatic Video — Retargeting — Line Item 1,VIDEO,21072,210,224.13,260.99,7.8,302.56,0.01,1.07,10.64,18,7
2026-03-30,DV_IO_001,Programmatic Display — Prospecting,DV_LI_001,Programmatic Display — Prospecting — Line Item 1,VIDEO,21385,289,308.56,365.22,7.2,350.5,0.0135,1.07,14.43,0,7
2026-03-30,DV_IO_002,YouTube Pre-roll — Brand,DV_LI_002,YouTube Pre-roll — Brand — Line Item 1,DISPLAY,12237,183,290.91,328.79,2.6,127.61,0.015,1.59,23.77,7,2
2026-03-30,DV_IO_003,Programmatic Video — Retargeting,DV_LI_003,Programmatic Video — Retargeting — Line Item 1,DISPLAY,194505,3805,273.5,317.69,153.9,10688.36,0.0196,0.07,1.41,1,153
2026-03-31,DV_IO_001,Programmatic Display — Prospecting,DV_LI_001,Programmatic Display — Prospecting — Line Item 1,DISPLAY,165339,3008,770.68,848.63,103.2,13849.44,0.0182,0.26,4.66,13,103
2026-03-31,DV_IO_002,YouTube Pre-roll — Brand,DV_LI_002,YouTube Pre-roll — Brand — Line Item 1,YOUTUBE,90531,519,230.67,272.72,7.9,863.47,0.0057,0.44,2.55,5,7
2026-03-31,DV_IO_003,Programmatic Video — Retargeting,DV_LI_003,Programmatic Video — Retargeting — Line Item 1,DISPLAY,173287,2234,666.77,760.8,45.2,8080.4,0.0129,0.3,3.85,3,45
