date,campaign_id,campaign_name,campaign_type,impressions,clicks,cost,conversions,conversion_value,ctr,cpc,cpm,roas,quality_score
2026-01-01,GADS_001,Search — Brand Keywords,PERFORMANCE_MAX,23907,72,481.29,4.1,82.25,0.003,6.68,20.13,0.17,6
2026-01-01,GADS_002,Search — Competitor Keywords,SEARCH,52359,536,427.54,9.4,362.56,0.0102,0.8,8.17,0.85,6
2026-01-01,GADS_003,Performance Max — All Products,DISPLAY,44324,1957,192.73,124.6,13633.73,0.0442,0.1,4.35,70.74,4
2026-01-01,GADS_004,Display — Retargeting,DISPLAY,50864,1113,380.29,0.1,5.75,0.0219,0.34,7.48,0.02,8
2026-01-02,GADS_001,Search — Brand Keywords,PERFORMANCE_MAX,57004,953,41.07,6.3,737.48,0.0167,0.04,0.72,17.96,6
2026-01-02,GADS_002,Search — Competitor Keywords,DISPLAY,49905,2890,384.76,216.2,16956.57,0.0579,0.13,7.71,44.07,7
2026-01-02,GADS_003,Performance Max — All Products,SEARCH,37978,2231,131.2,134.1,4343.5,0.0587,0.06,3.45,33.11,5
2026-01-02,GADS_004,Display — Retargeting,DISPLAY,20950,635,457.55,33.2,5847.18,0.0303,0.72,21.84,12.78,5
2026-01-03,GADS_001,Search — Brand Keywords,PERFORMANCE_MAX,53387,256,365.04,14.4,1148.69,0.0048,1.43,6.84,3.15,4
2026-01-03,GADS_002,Search — Competitor Keywords,PERFORMANCE_MAX,12188,183,516.68,13.8,1628.81,0.015,2.82,42.39,3.15,6
2026-01-03,GADS_003,Performance Max — All Products,PERFORMANCE_MAX,48801,798,544.33,23.4,1322.57,0.0164,0.68,11.15,2.43,5
2026-01-03,GADS_004,Display — Retargeting,DISPLAY,13099,379,355.59,13.4,1419.86,0.0289,0.94,27.15,3.99,6
2026-01-04,GADS_001,Search — Brand Keywords,SEARCH,12131,618,449.51,12.4,2449.12,0.0509,0.73,37.05,5.45,5
2026-01-04,GADS_002,Search — Competitor Keywords,SEARCH,36509,1567,581.57,4.5,154.22,0.0429,0.37,15.93,0.27,7
2026-01-04,GADS_003,Performance Max — All Products,SEARCH,52376,1733,583.41,99.6,2218.09,0.0331,0.34,11.14,3.8,5
2026-01-04,GADS_004,Display — Retargeting,SEARCH,52089,222,312.23,9.4,1791.64,0.0043,1.41,5.99,5.74,4
2026-01-05,GADS_001,Search — Brand Keywords,PERFORMANCE_MAX,59456,825,389.06,62.5,1728.75,0.0139,0.47,6.54,4.44,5
2026-01-05,GADS_002,Search — Competitor Keywords,SEARCH,18121,106,62.87,5.4,965.52,0.0058,0.59,3.47,15.36,7
2026-01-05,GADS_003,Performance Max — All Products,SEARCH,10325,442,338.74,31.5,5447.92,0.0428,0.77,32.81,16.08,5
2026-01-05,GADS_004,Display — Retargeting,SEARCH,49829,352,322.55,20.1,2228.49,0.0071,0.92,6.47,6.91,8
2026-01-06,GADS_001,Search — Brand Keywords,SEARCH,11600,42,411.73,3.1,310.0,0.0036,9.8,35.49,0.75,4
2026-01-06,GADS_002,Search — Competitor Keywords,PERFORMANCE_MAX,40012,1191,422.91,13.0,733.46,0.0298,0.36,10.57,1.73,4
2026-01-06,GADS_003,Performance Max — All Products,DISPLAY,53158,686,471.09,47.6,7180.46,0.0129,0.69,8.86,15.24,8
2026-01-06,GADS_004,Display — Retargeting,SEARCH,52570,2666,422.12,85.9,8691.36,0.0507,0.16,8.03,20.59,8
2026-01-07,GADS_001,Search — Brand Keywords,PERFORMANCE_MAX,58249,1093,416.98,32.0,3523.84,0.0188,0.38,7.16,8.45,5
2026-01-07,GADS_002,Search — Competitor Keywords,DISPLAY,22029,184,287.5,5.7,793.95,0.0084,1.56,13.05,2.76,5
2026-01-07,GADS_003,Performance Max — All Products,DISPLAY,22118,1178,306.63,85.9,13143.56,0.0533,0.26,13.86,42.86,7
2026-01-07,GADS_004,Display — Retargeting,PERFORMANCE_MAX,49714,1665,361.3,105.1,17632.63,0.0335,0.22,7.27,48.8,4
2026-01-08,GADS_001,Search — Brand Keywords,PERFORMANCE_MAX,58828,398,396.11,11.7,1560.55,0.0068,1.0,6.73,3.94,9
2026-01-08,GADS_002,Search — Competitor Keywords,DISPLAY,5574,75,352.46,4.4,398.07,0.0135,4.7,63.23,1.13,7
2026-01-08,GADS_003,Performance Max — All Products,SEARCH,49694,792,287.92,37.2,2755.4,0.0159,0.36,5.79,9.57,7
2026-01-08,GADS_004,Display — Retargeting,PERFORMANCE_MAX,48202,743,401.44,51.1,5037.44,0.0154,0.54,8.33,12.55,4
2026-01-09,GADS_001,Search — Brand Keywords,SEARCH,41577,758,323.47,1.6,255.15,0.0182,0.43,7.78,0.79,4
2026-01-09,GADS_002,Search — Competitor Keywords,DISPLAY,44261,2347,147.69,111.1,9779.02,0.053,0.06,3.34,66.21,9
2026-01-09,GADS_003,Performance Max — All Products,SEARCH,34342,1637,80.42,44.5,6144.11,0.0477,0.05,2.34,76.4,6
2026-01-09,GADS_004,Display — Retargeting,DISPLAY,40426,1532,425.15,100.9,7825.8,0.0379,0.28,10.52,18.41,6
2026-01-10,GADS_001,Search — Brand Keywords,PERFORMANCE_MAX,21025,880,432.88,57.4,2557.17,0.0419,0.49,20.59,5.91,7
2026-01-10,GADS_002,Search — Competitor Keywords,SEARCH,41444,2424,196.44,108.3,8667.25,0.0585,0.08,4.74,44.12,8
2026-01-10,GADS_003,Performance Max — All Products,PERFORMANCE_MAX,45374,2316,577.83,40.9,1420.87,0.051,0.25,12.73,2.46,4
2026-01-10,GADS_004,Display — Retargeting,SEARCH,36142,1582,594.41,30.5,4808.32,0.0438,0.38,16.45,8.09,8
2026-01-11,GADS_001,Search — Brand Keywords,PERFORMANCE_MAX,30423,192,113.39,2.1,306.12,0.0063,0.59,3.73,2.7,8
2026-01-11,GADS_002,Search — Competitor Keywords,SEARCH,51914,491,511.99,35.5,5649.47,0.0095,1.04,9.86,11.03,8
2026-01-11,GADS_003,Performance Max — All Products,PERFORMANCE_MAX,37654,1534,114.22,62.9,4609.31,0.0407,0.07,3.03,40.35,8
2026-01-11,GADS_004,Display — Retargeting,SEARCH,39204,2171,114.99,112.9,3411.84,0.0554,0.05,2.93,29.67,7
2026-01-12,GADS_001,Search — Brand Keywords,PERFORMANCE_MAX,47878,1296,318.23,34.3,2123.51,0.0271,0.25,6.65,6.67,8
2026-01-12,GADS_002,Search — Competitor Keywords,PERFORMANCE_MAX,25678,58,181.57,1.5,157.53,0.0023,3.13,7.07,0.87,5
2026-01-12,GADS_003,Performance Max — All Products,SEARCH,35460,788,500.04,32.9,2175.35,0.0222,0.63,14.1,4.35,5
2026-01-12,GADS_004,Display — Retargeting,SEARCH,7937,196,461.86,8.8,1088.82,0.0247,2.36,58.19,2.36,6
2026-01-13,GADS_001,Search — Brand Keywords,PERFORMANCE_MAX,10213,229,434.56,4.3,141.25,0.0224,1.9,42.55,0.33,5
2026-01-13,GADS_002,Search — Competitor Keywords,PERFORMANCE_MAX,45424,794,568.12,49.2,6019.62,0.0175,0.72,12.51,10.6,9
2026-01-13,GADS_003,Performance Max — All Products,PERFORMANCE_MAX,29859,746,538.7,18.9,2068.61,0.025,0.72,18.04,3.84,5
2026-01-13,GADS_004,Display — Retargeting,PERFORMANCE_MAX,15458,128,316.83,8.1,399.9,0.0083,2.48,20.5,1.26,8
2026-01-14,GADS_001,Search — Brand Keywords,SEARCH,53539,2632,412.2,193.0,9887.39,0.0492,0.16,7.7,23.99,9
2026-01-14,GADS_002,Search — Competitor Keywords,DISPLAY,49553,585,303.82,6.5,1113.58,0.0118,0.52,6.13,3.67,6
2026-01-14,GADS_003,Performance Max — All Products,DISPLAY,48550,1610,70.65,30.3,4448.34,0.0332,0.04,1.46,62.96,5
2026-01-14,GADS_004,Display — Retargeting,SEARCH,54240,1467,550.07,18.4,884.67,0.027,0.37,10.14,1.61,8
2026-01-15,GADS_001,Search — Brand Keywords,PERFORMANCE_MAX,48002,2120,330.01,114.7,4348.28,0.0442,0.16,6.87,13.18,8
2026-01-15,GADS_002,Search — Competitor Keywords,DISPLAY,8615,283,69.04,6.9,687.38,0.0328,0.24,8.01,9.96,4
2026-01-15,GADS_003,Performance Max — All Products,PERFORMANCE_MAX,58860,238,459.07,8.9,1141.07,0.004,1.93,7.8,2.49,8
2026-01-15,GADS_004,Display — Retargeting,PERFORMANCE_MAX,41945,39,212.86,2.2,44.97,0.0009,5.46,5.07,0.21,9
2026-01-16,GADS_001,Search — Brand Keywords,PERFORMANCE_MAX,21360,446,181.23,29.6,3440.7,0.0209,0.41,8.48,18.99,8
2026-01-16,GADS_002,Search — Competitor Keywords,DISPLAY,17034,743,592.04,51.4,2018.48,0.0436,0.8,34.76,3.41,7
2026-01-16,GADS_003,Performance Max — All Products,DISPLAY,40622,535,229.36,32.5,651.3,0.0132,0.43,5.65,2.84,6
2026-01-16,GADS_004,Display — Retargeting,SEARCH,36611,1029,261.8,4.2,792.25,0.0281,0.25,7.15,3.03,4
2026-01-17,GADS_001,Search — Brand Keywords,DISPLAY,53191,3180,183.83,191.6,25191.57,0.0598,0.06,3.46,137.04,9
2026-01-17,GADS_002,Search — Competitor Keywords,SEARCH,38317,31,118.97,1.7,321.52,0.0008,3.84,3.1,2.7,4
2026-01-17,GADS_003,Performance Max — All Products,PERFORMANCE_MAX,4245,231,386.74,2.0,239.7,0.0544,1.67,91.1,0.62,4
2026-01-17,GADS_004,Display — Retargeting,DISPLAY,18656,334,510.29,11.6,2017.47,0.0179,1.53,27.35,3.95,8
2026-01-18,GADS_001,Search — Brand Keywords,PERFORMANCE_MAX,21360,1155,210.62,87.9,13406.51,0.0541,0.18,9.86,63.65,4
2026-01-18,GADS_002,Search — Competitor Keywords,DISPLAY,22265,937,136.89,45.3,1495.35,0.0421,0.15,6.15,10.92,6
2026-01-18,GADS_003,Performance Max — All Products,DISPLAY,57091,155,588.57,4.4,874.72,0.0027,3.8,10.31,1.49,9
2026-01-18,GADS_004,Display — Retargeting,SEARCH,55361,1968,186.29,142.3,18490.46,0.0355,0.09,3.37,99.26,6
2026-01-19,GADS_001,Search — Brand Keywords,PERFORMANCE_MAX,51833,2835,308.7,142.9,26009.23,0.0547,0.11,5.96,84.25,6
2026-01-19,GADS_002,Search — Competitor Keywords,PERFORMANCE_MAX,16649,956,269.07,42.7,7860.64,0.0574,0.28,16.16,29.21,4
2026-01-19,GADS_003,Performance Max — All Products,PERFORMANCE_MAX,18233,415,212.24,19.5,3108.89,0.0228,0.51,11.64,14.65,4
2026-01-19,GADS_004,Display — Retargeting,PERFORMANCE_MAX,8035,289,142.97,20.2,802.34,0.036,0.49,17.79,5.61,7
2026-01-20,GADS_001,Search — Brand Keywords,SEARCH,42254,97,91.63,1.5,257.99,0.0023,0.94,2.17,2.82,7
2026-01-20,GADS_002,Search — Competitor Keywords,DISPLAY,16931,349,186.52,11.6,705.4,0.0206,0.53,11.02,3.78,4
2026-01-20,GADS_003,Performance Max — All Products,SEARCH,19441,772,273.24,57.0,11298.54,0.0397,0.35,14.05,41.35,7
2026-01-20,GADS_004,Display — Retargeting,SEARCH,40288,1072,274.75,18.8,1751.97,0.0266,0.26,6.82,6.38,7
2026-01-21,GADS_001,Search — Brand Keywords,SEARCH,20072,126,98.36,1.6,241.1,0.0063,0.78,4.9,2.45,7
2026-01-21,GADS_002,Search — Competitor Keywords,SEARCH,25639,674,393.06,51.7,9413.54,0.0263,0.58,15.33,23.95,4
2026-01-21,GADS_003,Performance Max — All Products,SEARCH,59301,893,215.11,37.7,1983.4,0.0151,0.24,3.63,9.22,9
2026-01-21,GADS_004,Display — Retargeting,SEARCH,31257,438,161.75,34.9,1754.42,0.014,0.37,5.17,10.85,6
2026-01-22,GADS_001,Search — Brand Keywords,PERFORMANCE_MAX,53117,591,192.19,0.1,3.97,0.0111,0.33,3.62,0.02,8
2026-01-22,GADS_002,Search — Competitor Keywords,DISPLAY,10483,370,399.55,9.4,1220.21,0.0353,1.08,38.11,3.05,9
2026-01-22,GADS_003,Performance Max — All Products,DISPLAY,20115,886,113.2,25.1,1500.23,0.044,0.13,5.63,13.25,8
2026-01-22,GADS_004,Display — Retargeting,PERFORMANCE_MAX,10730,521,393.57,23.3,2740.78,0.0486,0.76,36.68,6.96,8
2026-01-23,GADS_001,Search — Brand Keywords,SEARCH,45339,385,596.86,21.1,1390.7,0.0085,1.55,13.16,2.33,7
2026-01-23,GADS_002,Search — Competitor Keywords,DISPLAY,23437,1173,298.19,39.6,6789.42,0.05,0.25,12.72,22.77,8
2026-01-23,GADS_003,Performance Max — All Products,SEARCH,16607,110,533.51,7.2,346.54,0.0066,4.85,32.13,0.65,7
2026-01-23,GADS_004,Display — Retargeting,DISPLAY,26132,892,97.39,37.4,5158.58,0.0341,0.11,3.73,52.97,5
2026-01-24,GADS_001,Search — Brand Keywords,DISPLAY,27423,958,321.7,62.4,1772.16,0.0349,0.34,11.73,5.51,7
2026-01-24,GADS_002,Search — Competitor Keywords,DISPLAY,47857,2432,81.66,21.5,507.83,0.0508,0.03,1.71,6.22,7
2026-01-24,GADS_003,Performance Max — All Products,PERFORMANCE_MAX,53070,1319,161.24,103.4,3845.45,0.0249,0.12,3.04,23.85,7
2026-01-24,GADS_004,Display — Retargeting,SEARCH,38785,1975,364.55,70.0,4650.1,0.0509,0.18,9.4,12.76,6
2026-01-25,GADS_001,Search — Brand Keywords,PERFORMANCE_MAX,36830,1571,106.8,111.1,12540.97,0.0427,0.07,2.9,117.42,4
2026-01-25,GADS_002,Search — Competitor Keywords,SEARCH,35015,91,141.03,6.7,1098.93,0.0026,1.55,4.03,7.79,4
2026-01-25,GADS_003,Performance Max — All Products,SEARCH,23357,1322,289.48,68.0,2723.4,0.0566,0.22,12.39,9.41,6
2026-01-25,GADS_004,Display — Retargeting,PERFORMANCE_MAX,58106,3016,124.7,141.2,11177.39,0.0519,0.04,2.15,89.63,4
2026-01-26,GADS_001,Search — Brand Keywords,DISPLAY,10446,348,459.94,16.3,1337.74,0.0333,1.32,44.03,2.91,9
2026-01-26,GADS_002,Search — Competitor Keywords,SEARCH,12037,336,151.9,10.0,1913.5,0.0279,0.45,12.62,12.6,4
2026-01-26,GADS_003,Performance Max — All Products,DISPLAY,9626,527,558.56,9.4,416.98,0.0547,1.06,58.03,0.75,5
2026-01-26,GADS_004,Display — Retargeting,PERFORMANCE_MAX,9511,550,314.0,2.9,324.36,0.0578,0.57,33.01,1.03,9
2026-01-27,GADS_001,Search — Brand Keywords,PERFORMANCE_MAX,48782,670,415.17,31.9,890.01,0.0137,0.62,8.51,2.14,8
2026-01-27,GADS_002,Search — Competitor Keywords,SEARCH,31995,253,272.95,6.3,720.91,0.0079,1.08,8.53,2.64,7
2026-01-27,GADS_003,Performance Max — All Products,PERFORMANCE_MAX,26694,1313,241.0,33.5,4872.57,0.0492,0.18,9.03,20.22,5
2026-01-27,GADS_004,Display — Retargeting,SEARCH,47410,1190,176.19,21.7,3644.08,0.0251,0.15,3.72,20.68,6
2026-01-28,GADS_001,Search — Brand Keywords,PERFORMANCE_MAX,11930,375,294.66,29.8,2997.58,0.0314,0.79,24.7,10.17,7
2026-01-28,GADS_002,Search — Competitor Keywords,SEARCH,4672,203,413.01,12.6,1386.63,0.0435,2.03,88.4,3.36,6
2026-01-28,GADS_003,Performance Max — All Products,SEARCH,10969,509,148.99,33.1,3471.2,0.0464,0.29,13.58,23.3,9
2026-01-28,GADS_004,Display — Retargeting,DISPLAY,9967,122,162.28,0.5,38.12,0.0122,1.33,16.28,0.23,9
2026-01-29,GADS_001,Search — Brand Keywords,SEARCH,6366,313,568.76,18.5,1006.22,0.0492,1.82,89.34,1.77,9
2026-01-29,GADS_002,Search — Competitor Keywords,DISPLAY,20440,186,306.21,2.7,319.09,0.0091,1.65,14.98,1.04,8
2026-01-29,GADS_003,Performance Max — All Products,DISPLAY,44063,1516,440.97,93.9,15032.45,0.0344,0.29,10.01,34.09,9
2026-01-29,GADS_004,Display — Retargeting,PERFORMANCE_MAX,37302,866,110.25,48.2,4637.8,0.0232,0.13,2.96,42.07,5
2026-01-30,GADS_001,Search — Brand Keywords,PERFORMANCE_MAX,51193,631,200.11,40.7,2165.24,0.0123,0.32,3.91,10.82,6
2026-01-30,GADS_002,Search — Competitor Keywords,DISPLAY,30642,1595,47.84,60.9,2914.67,0.0521,0.03,1.56,60.93,6
2026-01-30,GADS_003,Performance Max — All Products,SEARCH,37039,156,271.24,4.5,759.96,0.0042,1.74,7.32,2.8,9
2026-01-30,GADS_004,Display — Retargeting,PERFORMANCE_MAX,39545,810,269.77,22.5,1373.17,0.0205,0.33,6.82,5.09,9
2026-01-31,GADS_001,Search — Brand Keywords,SEARCH,35357,197,349.59,8.9,1191.89,0.0056,1.77,9.89,3.41,9
2026-01-31,GADS_002,Search — Competitor Keywords,SEARCH,13242,290,336.24,8.7,277.88,0.0219,1.16,25.39,0.83,5
2026-01-31,GADS_003,Performance Max — All Products,SEARCH,49502,2769,458.29,19.9,1026.44,0.0559,0.17,9.26,2.24,6
2026-01-31,GADS_004,Display — Retargeting,SEARCH,56394,3136,98.15,88.9,11033.38,0.0556,0.03,1.74,112.41,6
2026-02-01,GADS_001,Search — Brand Keywords,DISPLAY,54814,919,226.51,26.7,685.92,0.0168,0.25,4.13,3.03,7
2026-02-01,GADS_002,Search — Competitor Keywords,SEARCH,8204,319,566.38,5.7,795.44,0.0389,1.78,69.04,1.4,6
2026-02-01,GADS_003,Performance Max — All Products,PERFORMANCE_MAX,48996,984,477.15,17.8,3143.48,0.0201,0.48,9.74,6.59,8
2026-02-01,GADS_004,Display — Retargeting,DISPLAY,52524,1691,236.53,83.6,6723.11,0.0322,0.14,4.5,28.42,6
2026-02-02,GADS_001,Search — Brand Keywords,PERFORMANCE_MAX,4717,254,46.05,1.4,89.04,0.0538,0.18,9.76,1.93,9
2026-02-02,GADS_002,Search — Competitor Keywords,DISPLAY,49027,2611,107.34,67.1,11765.98,0.0533,0.04,2.19,109.61,7
2026-02-02,GADS_003,Performance Max — All Products,SEARCH,51884,767,283.23,20.5,2612.52,0.0148,0.37,5.46,9.22,5
2026-02-02,GADS_004,Display — Retargeting,DISPLAY,46447,1645,234.32,124.3,19528.77,0.0354,0.14,5.04,83.34,5
2026-02-03,GADS_001,Search — Brand Keywords,SEARCH,10385,573,97.09,26.1,5133.35,0.0552,0.17,9.35,52.87,7
2026-02-03,GADS_002,Search — Competitor Keywords,PERFORMANCE_MAX,44033,1377,259.14,105.1,6858.83,0.0313,0.19,5.89,26.47,4
2026-02-03,GADS_003,Performance Max — All Products,DISPLAY,7724,273,120.31,13.7,1522.48,0.0353,0.44,15.58,12.65,9
2026-02-03,GADS_004,Display — Retargeting,SEARCH,11707,203,597.86,6.8,210.73,0.0173,2.95,51.07,0.35,5
2026-02-04,GADS_001,Search — Brand Keywords,SEARCH,20523,381,206.26,21.0,1707.09,0.0186,0.54,10.05,8.28,5
2026-02-04,GADS_002,Search — Competitor Keywords,SEARCH,48238,1642,273.03,41.2,1992.43,0.034,0.17,5.66,7.3,5
2026-02-04,GADS_003,Performance Max — All Products,PERFORMANCE_MAX,10092,56,303.73,1.1,184.93,0.0055,5.42,30.1,0.61,6
2026-02-04,GADS_004,Display — Retargeting,SEARCH,24361,1019,562.53,70.9,3664.11,0.0418,0.55,23.09,6.51,5
2026-02-05,GADS_001,Search — Brand Keywords,DISPLAY,8455,421,332.37,25.7,4237.42,0.0498,0.79,39.31,12.75,7
2026-02-05,GADS_002,Search — Competitor Keywords,PERFORMANCE_MAX,29294,1352,310.79,64.3,8137.16,0.0462,0.23,10.61,26.18,6
2026-02-05,GADS_003,Performance Max — All Products,PERFORMANCE_MAX,53503,532,425.53,6.2,441.69,0.0099,0.8,7.95,1.04,9
2026-02-05,GADS_004,Display — Retargeting,SEARCH,9936,55,275.88,1.4,245.9,0.0055,5.02,27.77,0.89,8
2026-02-06,GADS_001,Search — Brand Keywords,SEARCH,13800,567,119.35,3.4,539.89,0.0411,0.21,8.65,4.52,4
2026-02-06,GADS_002,Search — Competitor Keywords,SEARCH,40271,2003,379.36,132.7,10000.27,0.0497,0.19,9.42,26.36,4
2026-02-06,GADS_003,Performance Max — All Products,PERFORMANCE_MAX,33859,996,314.74,55.1,1981.4,0.0294,0.32,9.3,6.3,7
2026-02-06,GADS_004,Display — Retargeting,SEARCH,43981,1574,284.05,60.5,4502.41,0.0358,0.18,6.46,15.85,5
2026-02-07,GADS_001,Search — Brand Keywords,DISPLAY,41526,463,594.68,12.0,876.96,0.0111,1.28,14.32,1.47,8
2026-02-07,GADS_002,Search — Competitor Keywords,SEARCH,52954,1593,533.34,24.2,699.86,0.0301,0.33,10.07,1.31,4
2026-02-07,GADS_003,Performance Max — All Products,DISPLAY,30254,1316,569.12,89.2,7697.96,0.0435,0.43,18.81,13.53,6
2026-02-07,GADS_004,Display — Retargeting,DISPLAY,12281,203,148.7,4.3,662.54,0.0165,0.73,12.11,4.46,7
2026-02-08,GADS_001,Search — Brand Keywords,PERFORMANCE_MAX,36275,854,162.19,35.0,4438.35,0.0235,0.19,4.47,27.37,6
2026-02-08,GADS_002,Search — Competitor Keywords,DISPLAY,23954,603,450.49,7.9,585.31,0.0252,0.75,18.81,1.3,5
2026-02-08,GADS_003,Performance Max — All Products,PERFORMANCE_MAX,52099,1964,543.58,34.4,2328.54,0.0377,0.28,10.43,4.28,4
2026-02-08,GADS_004,Display — Retargeting,DISPLAY,10320,386,399.44,5.3,385.26,0.0374,1.03,38.71,0.96,5
2026-02-09,GADS_001,Search — Brand Keywords,SEARCH,36933,124,454.15,1.8,314.44,0.0034,3.66,12.3,0.69,5
2026-02-09,GADS_002,Search — Competitor Keywords,PERFORMANCE_MAX,42622,1567,302.53,15.5,466.7,0.0368,0.19,7.1,1.54,8
2026-02-09,GADS_003,Performance Max — All Products,DISPLAY,25726,215,123.79,3.7,225.29,0.0084,0.58,4.81,1.82,8
2026-02-09,GADS_004,Display — Retargeting,PERFORMANCE_MAX,56448,2477,490.55,4.1,652.72,0.0439,0.2,8.69,1.33,6
2026-02-10,GADS_001,Search — Brand Keywords,DISPLAY,50413,203,499.66,14.9,2091.81,0.004,2.46,9.91,4.19,8
2026-02-10,GADS_002,Search — Competitor Keywords,DISPLAY,55935,2767,222.53,41.1,870.5,0.0495,0.08,3.98,3.91,9
2026-02-10,GADS_003,Performance Max — All Products,PERFORMANCE_MAX,57172,1083,147.41,33.1,1692.07,0.0189,0.14,2.58,11.48,4
2026-02-10,GADS_004,Display — Retargeting,SEARCH,48195,2649,388.53,44.5,4393.04,0.055,0.15,8.06,11.31,4
2026-02-11,GADS_001,Search — Brand Keywords,PERFORMANCE_MAX,4357,134,217.7,4.5,224.06,0.0308,1.62,49.97,1.03,8
2026-02-11,GADS_002,Search — Competitor Keywords,SEARCH,28159,533,395.92,26.8,1539.12,0.0189,0.74,14.06,3.89,6
2026-02-11,GADS_003,Performance Max — All Products,SEARCH,54929,277,462.01,21.5,1661.52,0.005,1.67,8.41,3.6,7
2026-02-11,GADS_004,Display — Retargeting,PERFORMANCE_MAX,4101,157,172.74,0.7,23.87,0.0383,1.1,42.12,0.14,8
2026-02-12,GADS_001,Search — Brand Keywords,DISPLAY,50228,1255,188.23,12.9,1471.12,0.025,0.15,3.75,7.82,8
2026-02-12,GADS_002,Search — Competitor Keywords,PERFORMANCE_MAX,54977,506,81.26,2.8,343.78,0.0092,0.16,1.48,4.23,7
2026-02-12,GADS_003,Performance Max — All Products,SEARCH,13627,425,492.93,3.0,419.4,0.0312,1.16,36.17,0.85,4
2026-02-12,GADS_004,Display — Retargeting,DISPLAY,22759,793,278.87,53.1,8886.28,0.0348,0.35,12.25,31.87,6
2026-02-13,GADS_001,Search — Brand Keywords,DISPLAY,18385,179,399.79,4.0,592.32,0.0097,2.23,21.75,1.48,8
2026-02-13,GADS_002,Search — Competitor Keywords,PERFORMANCE_MAX,21796,1085,597.23,85.2,3841.67,0.0498,0.55,27.4,6.43,7
2026-02-13,GADS_003,Performance Max — All Products,SEARCH,58522,2195,370.31,32.0,694.08,0.0375,0.17,6.33,1.87,6
2026-02-13,GADS_004,Display — Retargeting,PERFORMANCE_MAX,24726,830,582.72,63.6,10354.08,0.0336,0.7,23.57,17.77,4
2026-02-14,GADS_001,Search — Brand Keywords,PERFORMANCE_MAX,58058,1003,196.44,36.2,3107.05,0.0173,0.2,3.38,15.82,7
2026-02-14,GADS_002,Search — Competitor Keywords,PERFORMANCE_MAX,50960,1744,513.7,3.6,123.73,0.0342,0.29,10.08,0.24,5
2026-02-14,GADS_003,Performance Max — All Products,DISPLAY,35817,1818,417.31,58.2,2671.96,0.0508,0.23,11.65,6.4,6
2026-02-14,GADS_004,Display — Retargeting,PERFORMANCE_MAX,13049,316,283.04,18.1,368.7,0.0242,0.9,21.69,1.3,9
2026-02-15,GADS_001,Search — Brand Keywords,DISPLAY,30553,486,445.16,37.9,3950.32,0.0159,0.92,14.57,8.87,5
2026-02-15,GADS_002,Search — Competitor Keywords,PERFORMANCE_MAX,49195,1658,531.41,20.3,1264.28,0.0337,0.32,10.8,2.38,4
2026-02-15,GADS_003,Performance Max — All Products,DISPLAY,56277,1992,156.5,57.1,5803.64,0.0354,0.08,2.78,37.08,5
2026-02-15,GADS_004,Display — Retargeting,PERFORMANCE_MAX,18838,527,384.71,27.6,5493.5,0.028,0.73,20.42,14.28,7
2026-02-16,GADS_001,Search — Brand Keywords,DISPLAY,49977,2858,517.62,138.8,16891.96,0.0572,0.18,10.36,32.63,6
2026-02-16,GADS_002,Search — Competitor Keywords,SEARCH,52037,2501,411.56,13.6,780.91,0.0481,0.16,7.91,1.9,6
2026-02-16,GADS_003,Performance Max — All Products,DISPLAY,8179,395,111.43,3.4,256.94,0.0483,0.28,13.62,2.31,6
2026-02-16,GADS_004,Display — Retargeting,DISPLAY,35975,1930,409.08,84.0,2586.36,0.0536,0.21,11.37,6.32,8
2026-02-17,GADS_001,Search — Brand Keywords,PERFORMANCE_MAX,11408,44,231.58,0.1,7.05,0.0039,5.26,20.3,0.03,7
2026-02-17,GADS_002,Search — Competitor Keywords,DISPLAY,45142,2226,174.83,15.9,1402.7,0.0493,0.08,3.87,8.02,7
2026-02-17,GADS_003,Performance Max — All Products,PERFORMANCE_MAX,27997,957,409.79,16.9,2045.91,0.0342,0.43,14.64,4.99,9
2026-02-17,GADS_004,Display — Retargeting,PERFORMANCE_MAX,22238,147,523.01,10.4,1080.66,0.0066,3.56,23.52,2.07,7
2026-02-18,GADS_001,Search — Brand Keywords,SEARCH,7144,336,517.17,1.6,139.33,0.047,1.54,72.39,0.27,6
2026-02-18,GADS_002,Search — Competitor Keywords,SEARCH,14549,362,458.37,4.9,806.25,0.0249,1.27,31.51,1.76,5
2026-02-18,GADS_003,Performance Max — All Products,SEARCH,24990,1470,123.17,53.9,5883.19,0.0588,0.08,4.93,47.76,7
2026-02-18,GADS_004,Display — Retargeting,SEARCH,47619,2104,105.92,84.5,2398.11,0.0442,0.05,2.22,22.64,7
2026-02-19,GADS_001,Search — Brand Keywords,DISPLAY,47544,1014,517.29,77.6,10088.0,0.0213,0.51,10.88,19.5,6
2026-02-19,GADS_002,Search — Competitor Keywords,PERFORMANCE_MAX,39285,444,139.04,24.9,4190.42,0.0113,0.31,3.54,30.14,5
2026-02-19,GADS_003,Performance Max — All Products,PERFORMANCE_MAX,37053,927,342.36,18.5,1942.5,0.025,0.37,9.24,5.67,9
2026-02-19,GADS_004,Display — Retargeting,DISPLAY,41908,631,66.9,24.5,1836.03,0.0151,0.11,1.6,27.44,5
2026-02-20,GADS_001,Search — Brand Keywords,SEARCH,29819,1170,440.3,57.4,6038.48,0.0392,0.38,14.77,13.71,9
2026-02-20,GADS_002,Search — Competitor Keywords,PERFORMANCE_MAX,33273,1173,294.21,82.3,16289.64,0.0353,0.25,8.84,55.37,4
2026-02-20,GADS_003,Performance Max — All Products,DISPLAY,40514,913,397.94,61.0,2899.33,0.0225,0.44,9.82,7.29,6
2026-02-20,GADS_004,Display — Retargeting,PERFORMANCE_MAX,36458,2015,414.96,58.7,9766.51,0.0553,0.21,11.38,23.54,4
2026-02-21,GADS_001,Search — Brand Keywords,SEARCH,38763,2119,562.69,33.1,4990.82,0.0547,0.27,14.52,8.87,6
2026-02-21,GADS_002,Search — Competitor Keywords,DISPLAY,29593,703,506.31,21.5,2045.08,0.0238,0.72,17.11,4.04,7
2026-02-21,GADS_003,Performance Max — All Products,DISPLAY,36655,1042,478.13,8.3,835.98,0.0284,0.46,13.04,1.75,8
2026-02-21,GADS_004,Display — Retargeting,PERFORMANCE_MAX,47005,986,440.71,30.5,5871.55,0.021,0.45,9.38,13.32,6
2026-02-22,GADS_001,Search — Brand Keywords,PERFORMANCE_MAX,57269,801,550.3,47.2,1471.7,0.014,0.69,9.61,2.67,6
2026-02-22,GADS_002,Search — Competitor Keywords,PERFORMANCE_MAX,48658,2050,190.3,67.8,3523.57,0.0421,0.09,3.91,18.52,4
2026-02-22,GADS_003,Performance Max — All Products,PERFORMANCE_MAX,30295,357,460.24,11.7,1268.63,0.0118,1.29,15.19,2.76,4
2026-02-22,GADS_004,Display — Retargeting,PERFORMANCE_MAX,38760,136,499.06,5.7,682.92,0.0035,3.67,12.88,1.37,7
2026-02-23,GADS_001,Search — Brand Keywords,SEARCH,14045,590,248.39,9.0,328.86,0.042,0.42,17.69,1.32,4
2026-02-23,GADS_002,Search — Competitor Keywords,SEARCH,33952,1051,48.63,65.0,5172.7,0.031,0.05,1.43,106.37,4
2026-02-23,GADS_003,Performance Max — All Products,DISPLAY,14066,369,445.03,28.1,4659.26,0.0262,1.21,31.64,10.47,4
2026-02-23,GADS_004,Display — Retargeting,SEARCH,43550,1128,232.82,27.7,1774.46,0.0259,0.21,5.35,7.62,5
2026-02-24,GADS_001,Search — Brand Keywords,PERFORMANCE_MAX,53878,1018,325.81,57.5,11096.35,0.0189,0.32,6.05,34.06,4
2026-02-24,GADS_002,Search — Competitor Keywords,PERFORMANCE_MAX,18364,485,157.41,7.4,494.76,0.0264,0.32,8.57,3.14,4
2026-02-24,GADS_003,Performance Max — All Products,PERFORMANCE_MAX,28621,1584,177.53,38.6,2348.04,0.0553,0.11,6.2,13.23,8
2026-02-24,GADS_004,Display — Retargeting,DISPLAY,17004,449,84.01,20.4,1735.02,0.0264,0.19,4.94,20.65,9
2026-02-25,GADS_001,Search — Brand Keywords,SEARCH,10787,493,273.41,20.9,3877.58,0.0457,0.55,25.35,14.18,4
2026-02-25,GADS_002,Search — Competitor Keywords,DISPLAY,5413,73,170.82,0.1,5.66,0.0135,2.34,31.56,0.03,6
2026-02-25,GADS_003,Performance Max — All Products,PERFORMANCE_MAX,23239,1322,133.97,42.9,4880.73,0.0569,0.1,5.76,36.43,5
2026-02-25,GADS_004,Display — Retargeting,PERFORMANCE_MAX,36559,56,69.4,3.7,325.64,0.0015,1.24,1.9,4.69,9
2026-02-26,GADS_001,Search — Brand Keywords,SEARCH,43296,721,223.06,2.0,119.64,0.0167,0.31,5.15,0.54,5
2026-02-26,GADS_002,Search — Competitor Keywords,SEARCH,9466,474,248.56,33.3,3668.33,0.0501,0.52,26.26,14.76,6
2026-02-26,GADS_003,Performance Max — All Products,SEARCH,27783,1504,514.63,118.2,5242.17,0.0541,0.34,18.52,10.19,5
2026-02-26,GADS_004,Display — Retargeting,DISPLAY,22138,832,372.95,29.8,4667.28,0.0376,0.45,16.85,12.51,6
2026-02-27,GADS_001,Search — Brand Keywords,SEARCH,48402,1268,201.3,46.0,2688.24,0.0262,0.16,4.16,13.35,7
2026-02-27,GADS_002,Search — Competitor Keywords,PERFORMANCE_MAX,44931,2481,296.3,157.1,3709.13,0.0552,0.12,6.59,12.52,8
2026-02-27,GADS_003,Performance Max — All Products,PERFORMANCE_MAX,7856,234,329.12,12.1,1451.76,0.0298,1.41,41.89,4.41,7
2026-02-27,GADS_004,Display — Retargeting,PERFORMANCE_MAX,19217,876,59.7,6.9,304.84,0.0456,0.07,3.11,5.11,7
2026-02-28,GADS_001,Search — Brand Keywords,DISPLAY,36348,2056,207.97,50.2,7134.42,0.0566,0.1,5.72,34.31,5
2026-02-28,GADS_002,Search — Competitor Keywords,DISPLAY,24927,1198,339.0,23.4,4159.82,0.0481,0.28,13.6,12.27,5
2026-02-28,GADS_003,Performance Max — All Products,PERFORMANCE_MAX,5968,322,214.57,7.9,336.86,0.054,0.67,35.95,1.57,7
2026-02-28,GADS_004,Display — Retargeting,PERFORMANCE_MAX,34895,1086,367.37,77.5,6411.58,0.0311,0.34,10.53,17.45,6
2026-03-01,GADS_001,Search — Brand Keywords,PERFORMANCE_MAX,30731,230,281.42,11.9,1946.84,0.0075,1.22,9.16,6.92,7
2026-03-01,GADS_002,Search — Competitor Keywords,DISPLAY,17135,242,212.01,15.4,1381.84,0.0141,0.88,12.37,6.52,5
2026-03-01,GADS_003,Performance Max — All Products,PERFORMANCE_MAX,51517,682,405.29,44.7,3721.28,0.0132,0.59,7.87,9.18,5
2026-03-01,GADS_004,Display — Retargeting,SEARCH,32454,906,480.81,51.5,4481.02,0.0279,0.53,14.82,9.32,7
2026-03-02,GADS_001,Search — Brand Keywords,PERFORMANCE_MAX,22814,439,500.99,34.0,5505.62,0.0192,1.14,21.96,10.99,4
2026-03-02,GADS_002,Search — Competitor Keywords,PERFORMANCE_MAX,13949,220,545.08,8.6,269.18,0.0158,2.48,39.08,0.49,4
2026-03-02,GADS_003,Performance Max — All Products,SEARCH,29587,854,475.35,31.5,3967.43,0.0289,0.56,16.07,8.35,7
2026-03-02,GADS_004,Display — Retargeting,DISPLAY,28417,198,156.92,1.4,263.06,0.007,0.79,5.52,1.68,8
2026-03-03,GADS_001,Search — Brand Keywords,PERFORMANCE_MAX,7783,448,307.17,24.1,2293.84,0.0576,0.69,39.47,7.47,6
2026-03-03,GADS_002,Search — Competitor Keywords,DISPLAY,23278,378,345.49,17.8,1574.41,0.0162,0.91,14.84,4.56,9
2026-03-03,GADS_003,Performance Max — All Products,PERFORMANCE_MAX,40884,1288,508.43,22.2,2826.73,0.0315,0.39,12.44,5.56,6
2026-03-03,GADS_004,Display — Retargeting,PERFORMANCE_MAX,5047,255,406.23,9.2,193.84,0.0505,1.59,80.49,0.48,6
2026-03-04,GADS_001,Search — Brand Keywords,SEARCH,36863,94,518.37,5.3,518.23,0.0025,5.51,14.06,1.0,9
2026-03-04,GADS_002,Search — Competitor Keywords,SEARCH,33477,1200,567.09,14.6,1495.77,0.0358,0.47,16.94,2.64,9
2026-03-04,GADS_003,Performance Max — All Products,SEARCH,5119,139,321.22,6.1,282.98,0.0272,2.31,62.75,0.88,7
2026-03-04,GADS_004,Display — Retargeting,SEARCH,31016,1192,335.25,48.7,1402.07,0.0384,0.28,10.81,4.18,9
2026-03-05,GADS_001,Search — Brand Keywords,PERFORMANCE_MAX,57307,3099,230.82,164.5,28001.19,0.0541,0.07,4.03,121.31,6
2026-03-05,GADS_002,Search — Competitor Keywords,PERFORMANCE_MAX,44171,779,462.59,42.7,4944.66,0.0176,0.59,10.47,10.69,5
2026-03-05,GADS_003,Performance Max — All Products,DISPLAY,4880,153,329.62,9.8,1211.28,0.0314,2.15,67.55,3.67,5
2026-03-05,GADS_004,Display — Retargeting,SEARCH,31254,1662,461.8,117.7,12824.59,0.0532,0.28,14.78,27.77,4
2026-03-06,GADS_001,Search — Brand Keywords,SEARCH,40488,903,417.19,1.5,225.72,0.0223,0.46,10.3,0.54,7
2026-03-06,GADS_002,Search — Competitor Keywords,PERFORMANCE_MAX,7276,376,270.62,16.3,2201.64,0.0517,0.72,37.19,8.14,5
2026-03-06,GADS_003,Performance Max — All Products,DISPLAY,52061,259,66.24,17.1,2824.24,0.005,0.26,1.27,42.64,8
2026-03-06,GADS_004,Display — Retargeting,PERFORMANCE_MAX,16397,756,145.43,57.3,7849.53,0.0461,0.19,8.87,53.97,8
2026-03-07,GADS_001,Search — Brand Keywords,DISPLAY,9404,514,240.35,10.5,1734.39,0.0547,0.47,25.56,7.22,8
2026-03-07,GADS_002,Search — Competitor Keywords,SEARCH,38974,997,399.17,33.1,1640.77,0.0256,0.4,10.24,4.11,5
2026-03-07,GADS_003,Performance Max — All Products,DISPLAY,3391,110,137.97,6.1,625.74,0.0324,1.25,40.69,4.54,7
2026-03-07,GADS_004,Display — Retargeting,SEARCH,45000,2279,428.17,130.0,19867.9,0.0506,0.19,9.51,46.4,7
2026-03-08,GADS_001,Search — Brand Keywords,PERFORMANCE_MAX,31770,553,229.7,12.4,1984.87,0.0174,0.42,7.23,8.64,8
2026-03-08,GADS_002,Search — Competitor Keywords,PERFORMANCE_MAX,52433,1119,314.25,4.0,479.08,0.0213,0.28,5.99,1.52,4
2026-03-08,GADS_003,Performance Max — All Products,SEARCH,3779,138,286.75,3.4,460.73,0.0365,2.08,75.88,1.61,9
2026-03-08,GADS_004,Display — Retargeting,SEARCH,30133,872,282.68,58.0,5682.26,0.0289,0.32,9.38,20.1,9
2026-03-09,GADS_001,Search — Brand Keywords,SEARCH,7861,380,79.03,14.1,833.03,0.0483,0.21,10.05,10.54,8
2026-03-09,GADS_002,Search — Competitor Keywords,SEARCH,21749,552,286.08,37.6,7092.49,0.0254,0.52,13.15,24.79,8
2026-03-09,GADS_003,Performance Max — All Products,DISPLAY,53161,2325,575.62,103.4,6731.34,0.0437,0.25,10.83,11.69,9
2026-03-09,GADS_004,Display — Retargeting,PERFORMANCE_MAX,58360,3175,402.11,110.3,11379.65,0.0544,0.13,6.89,28.3,5
2026-03-10,GADS_001,Search — Brand Keywords,DISPLAY,39730,507,293.28,34.8,4342.69,0.0128,0.58,7.38,14.81,8
2026-03-10,GADS_002,Search — Competitor Keywords,DISPLAY,48814,2031,441.49,106.1,20857.14,0.0416,0.22,9.04,47.24,4
2026-03-10,GADS_003,Performance Max — All Products,DISPLAY,40458,770,320.43,42.2,7724.29,0.019,0.42,7.92,24.11,7
2026-03-10,GADS_004,Display — Retargeting,DISPLAY,4227,117,500.97,2.6,429.65,0.0277,4.28,118.52,0.86,9
2026-03-11,GADS_001,Search — Brand Keywords,PERFORMANCE_MAX,41256,1524,426.62,15.0,971.55,0.0369,0.28,10.34,2.28,4
2026-03-11,GADS_002,Search — Competitor Keywords,SEARCH,43301,1854,505.24,96.3,2085.86,0.0428,0.27,11.67,4.13,9
2026-03-11,GADS_003,Performance Max — All Products,DISPLAY,27225,807,590.55,48.6,6602.8,0.0296,0.73,21.69,11.18,8
2026-03-11,GADS_004,Display — Retargeting,PERFORMANCE_MAX,11196,360,235.48,20.3,3965.0,0.0322,0.65,21.03,16.84,7
2026-03-12,GADS_001,Search — Brand Keywords,SEARCH,9243,225,549.82,7.8,813.54,0.0243,2.44,59.49,1.48,9
2026-03-12,GADS_002,Search — Competitor Keywords,PERFORMANCE_MAX,59283,952,135.04,7.1,264.69,0.0161,0.14,2.28,1.96,6
2026-03-12,GADS_003,Performance Max — All Products,SEARCH,13509,573,438.43,28.8,3095.42,0.0424,0.77,32.45,7.06,9
2026-03-12,GADS_004,Display — Retargeting,SEARCH,52629,1527,319.68,71.3,4292.26,0.029,0.21,6.07,13.43,7
2026-03-13,GADS_001,Search — Brand Keywords,PERFORMANCE_MAX,55513,2553,268.28,28.0,1018.36,0.046,0.11,4.83,3.8,8
2026-03-13,GADS_002,Search — Competitor Keywords,DISPLAY,15059,672,141.72,29.2,3962.44,0.0446,0.21,9.41,27.96,8
2026-03-13,GADS_003,Performance Max — All Products,SEARCH,24374,314,93.16,19.0,3184.21,0.0129,0.3,3.82,34.18,9
2026-03-13,GADS_004,Display — Retargeting,PERFORMANCE_MAX,51022,2536,280.48,177.0,20048.79,0.0497,0.11,5.5,71.48,6
2026-03-14,GADS_001,Search — Brand Keywords,PERFORMANCE_MAX,10555,172,258.87,3.1,270.07,0.0163,1.51,24.53,1.04,7
2026-03-14,GADS_002,Search — Competitor Keywords,PERFORMANCE_MAX,24450,169,285.5,8.7,523.48,0.0069,1.69,11.68,1.83,6
2026-03-14,GADS_003,Performance Max — All Products,DISPLAY,47044,455,447.85,21.5,1446.52,0.0097,0.98,9.52,3.23,5
2026-03-14,GADS_004,Display — Retargeting,SEARCH,44765,361,472.31,8.2,394.58,0.0081,1.31,10.55,0.84,5
2026-03-15,GADS_001,Search — Brand Keywords,SEARCH,10301,187,528.73,2.0,371.68,0.0182,2.83,51.33,0.7,5
2026-03-15,GADS_002,Search — Competitor Keywords,PERFORMANCE_MAX,33963,744,248.32,23.8,1011.02,0.0219,0.33,7.31,4.07,5
2026-03-15,GADS_003,Performance Max — All Products,PERFORMANCE_MAX,38511,1528,69.14,17.2,3378.77,0.0397,0.05,1.8,48.87,7
2026-03-15,GADS_004,Display — Retargeting,DISPLAY,9401,422,374.82,25.5,801.47,0.0449,0.89,39.87,2.14,5
2026-03-16,GADS_001,Search — Brand Keywords,SEARCH,28375,1679,385.65,22.3,1579.51,0.0592,0.23,13.59,4.1,7
2026-03-16,GADS_002,Search — Competitor Keywords,DISPLAY,56540,1001,202.15,8.4,1132.66,0.0177,0.2,3.58,5.6,4
2026-03-16,GADS_003,Performance Max — All Products,DISPLAY,23287,1155,151.03,85.1,14926.54,0.0496,0.13,6.49,98.83,4
2026-03-16,GADS_004,Display — Retargeting,DISPLAY,30505,1360,306.53,74.1,2021.45,0.0446,0.23,10.05,6.59,9
2026-03-17,GADS_001,Search — Brand Keywords,DISPLAY,42294,139,520.91,6.0,572.46,0.0033,3.75,12.32,1.1,4
2026-03-17,GADS_002,Search — Competitor Keywords,PERFORMANCE_MAX,25700,598,157.29,2.5,358.22,0.0233,0.26,6.12,2.28,8
2026-03-17,GADS_003,Performance Max — All Products,PERFORMANCE_MAX,52360,1835,252.18,131.4,3508.38,0.035,0.14,4.82,13.91,9
2026-03-17,GADS_004,Display — Retargeting,PERFORMANCE_MAX,37877,1039,439.36,82.5,7095.83,0.0274,0.42,11.6,16.15,6
2026-03-18,GADS_001,Search — Brand Keywords,PERFORMANCE_MAX,12261,584,563.49,12.3,2245.61,0.0476,0.96,45.96,3.99,6
2026-03-18,GADS_002,Search — Competitor Keywords,PERFORMANCE_MAX,7854,391,237.54,3.5,685.58,0.0498,0.61,30.24,2.89,6
2026-03-18,GADS_003,Performance Max — All Products,DISPLAY,48803,1402,132.73,82.1,6151.75,0.0287,0.09,2.72,46.35,9
2026-03-18,GADS_004,Display — Retargeting,PERFORMANCE_MAX,6538,246,357.27,8.4,950.96,0.0376,1.45,54.65,2.66,9
2026-03-19,GADS_001,Search — Brand Keywords,PERFORMANCE_MAX,58627,2281,530.27,100.8,10138.46,0.0389,0.23,9.04,19.12,4
2026-03-19,GADS_002,Search — Competitor Keywords,PERFORMANCE_MAX,11263,261,204.5,15.7,1639.55,0.0232,0.78,18.16,8.02,6
2026-03-19,GADS_003,Performance Max — All Products,DISPLAY,20661,294,271.6,20.0,3339.2,0.0142,0.92,13.15,12.29,4
2026-03-19,GADS_004,Display — Retargeting,DISPLAY,14439,327,141.6,10.9,1009.45,0.0226,0.43,9.81,7.13,7
2026-03-20,GADS_001,Search — Brand Keywords,PERFORMANCE_MAX,59021,3434,85.82,48.1,8275.61,0.0582,0.02,1.45,96.43,5
2026-03-20,GADS_002,Search — Competitor Keywords,SEARCH,54596,1988,136.07,11.2,1597.79,0.0364,0.07,2.49,11.74,7
2026-03-20,GADS_003,Performance Max — All Products,SEARCH,48250,2759,334.39,160.2,14065.56,0.0572,0.12,6.93,42.06,8
2026-03-20,GADS_004,Display — Retargeting,DISPLAY,44016,615,356.12,4.9,828.98,0.014,0.58,8.09,2.33,7
2026-03-21,GADS_001,Search — Brand Keywords,SEARCH,54107,992,120.74,9.3,899.31,0.0183,0.12,2.23,7.45,5
2026-03-21,GADS_002,Search — Competitor Keywords,SEARCH,12904,153,513.78,8.4,845.29,0.0119,3.36,39.82,1.65,4
2026-03-21,GADS_003,Performance Max — All Products,SEARCH,57119,1755,408.92,46.1,9062.8,0.0307,0.23,7.16,22.16,7
2026-03-21,GADS_004,Display — Retargeting,SEARCH,4391,207,295.68,7.6,1213.34,0.0471,1.43,67.34,4.1,6
2026-03-22,GADS_001,Search — Brand Keywords,DISPLAY,30947,178,598.74,5.0,739.95,0.0058,3.36,19.35,1.24,8
2026-03-22,GADS_002,Search — Competitor Keywords,DISPLAY,56737,2403,422.33,154.0,21358.26,0.0424,0.18,7.44,50.57,8
2026-03-22,GADS_003,Performance Max — All Products,SEARCH,41170,1496,249.74,10.7,2037.17,0.0363,0.17,6.07,8.16,6
2026-03-22,GADS_004,Display — Retargeting,PERFORMANCE_MAX,23902,1121,507.01,60.3,8231.55,0.0469,0.45,21.21,16.24,4
2026-03-23,GADS_001,Search — Brand Keywords,DISPLAY,20212,417,275.56,10.0,1488.7,0.0206,0.66,13.63,5.4,8
2026-03-23,GADS_002,Search — Competitor Keywords,SEARCH,43742,464,367.67,12.9,1052.12,0.0106,0.79,8.41,2.86,5
2026-03-23,GADS_003,Performance Max — All Products,PERFORMANCE_MAX,19370,834,412.51,61.9,3865.66,0.0431,0.49,21.3,9.37,8
2026-03-23,GADS_004,Display — Retargeting,DISPLAY,38647,1853,370.42,23.5,1593.07,0.0479,0.2,9.58,4.3,8
2026-03-24,GADS_001,Search — Brand Keywords,SEARCH,30280,801,440.05,19.1,1672.21,0.0265,0.55,14.53,3.8,9
2026-03-24,GADS_002,Search — Competitor Keywords,SEARCH,35085,640,141.08,43.4,5395.49,0.0182,0.22,4.02,38.24,8
2026-03-24,GADS_003,Performance Max — All Products,SEARCH,4398,89,357.91,3.5,572.84,0.0202,4.02,81.38,1.6,8
2026-03-24,GADS_004,Display — Retargeting,DISPLAY,33932,1475,221.16,77.9,3454.09,0.0435,0.15,6.52,15.62,6
2026-03-25,GADS_001,Search — Brand Keywords,DISPLAY,40546,632,60.61,18.0,1955.88,0.0156,0.1,1.49,32.27,9
2026-03-25,GADS_002,Search — Competitor Keywords,DISPLAY,16175,561,589.12,9.3,1807.27,0.0347,1.05,36.42,3.07,9
2026-03-25,GADS_003,Performance Max — All Products,SEARCH,28020,210,461.22,12.5,2026.12,0.0075,2.2,16.46,4.39,8
2026-03-25,GADS_004,Display — Retargeting,SEARCH,29926,1025,420.5,65.8,9086.32,0.0343,0.41,14.05,21.61,6
2026-03-26,GADS_001,Search — Brand Keywords,PERFORMANCE_MAX,38297,1562,455.66,33.3,2351.65,0.0408,0.29,11.9,5.16,5
2026-03-26,GADS_002,Search — Competitor Keywords,PERFORMANCE_MAX,40203,141,189.54,0.3,18.35,0.0035,1.34,4.71,0.1,7
2026-03-26,GADS_003,Performance Max — All Products,DISPLAY,6076,143,254.15,10.8,1169.21,0.0235,1.78,41.83,4.6,8
2026-03-26,GADS_004,Display — Retargeting,SEARCH,47807,1799,151.36,16.6,1456.98,0.0376,0.08,3.17,9.63,7
2026-03-27,GADS_001,Search — Brand Keywords,DISPLAY,7819,70,278.2,0.9,18.8,0.009,3.97,35.58,0.07,5
2026-03-27,GADS_002,Search — Competitor Keywords,PERFORMANCE_MAX,57654,2846,104.04,189.1,15417.32,0.0494,0.04,1.8,148.19,8
2026-03-27,GADS_003,Performance Max — All Products,DISPLAY,56006,183,588.19,4.9,322.91,0.0033,3.21,10.5,0.55,8
2026-03-27,GADS_004,Display — Retargeting,PERFORMANCE_MAX,22487,1181,232.92,44.2,3899.32,0.0525,0.2,10.36,16.74,6
2026-03-28,GADS_001,Search — Brand Keywords,DISPLAY,41316,1106,176.14,8.9,1496.62,0.0268,0.16,4.26,8.5,6
2026-03-28,GADS_002,Search — Competitor Keywords,SEARCH,46906,526,375.69,41.6,7626.11,0.0112,0.71,8.01,20.3,8
2026-03-28,GADS_003,Performance Max — All Products,PERFORMANCE_MAX,50109,2120,317.85,53.1,5218.67,0.0423,0.15,6.34,16.42,9
2026-03-28,GADS_004,Display — Retargeting,DISPLAY,29298,534,305.94,11.1,1169.61,0.0182,0.57,10.44,3.82,6
2026-03-29,GADS_001,Search — Brand Keywords,DISPLAY,58446,1511,76.92,64.0,9460.48,0.0259,0.05,1.32,122.99,4
2026-03-29,GADS_002,Search — Competitor Keywords,DISPLAY,21949,711,43.18,16.4,1685.76,0.0324,0.06,1.97,39.04,9
2026-03-29,GADS_003,Performance Max — All Products,PERFORMANCE_MAX,7070,98,292.23,7.6,1191.76,0.0139,2.98,41.33,4.08,5
2026-03-29,GADS_004,Display — Retargeting,PERFORMANCE_MAX,36921,825,238.73,1.2,218.17,0.0223,0.29,6.47,0.91,7
2026-03-30,GADS_001,Search — Brand Keywords,SEARCH,3621,142,196.03,4.6,416.02,0.0392,1.38,54.14,2.12,9
2026-03-30,GADS_002,Search — Competitor Keywords,PERFORMANCE_MAX,7405,135,527.99,5.3,199.7,0.0182,3.91,71.3,0.38,7
2026-03-30,GADS_003,Performance Max — All Products,SEARCH,5228,167,206.41,3.3,194.67,0.0319,1.24,39.48,0.94,9
2026-03-30,GADS_004,Display — Retargeting,DISPLAY,20635,824,295.45,56.8,10121.19,0.0399,0.36,14.32,34.26,6
2026-03-31,GADS_001,Search — Brand Keywords,PERFORMANCE_MAX,42108,1401,167.8,12.6,933.91,0.0333,0.12,3.98,5.57,4
2026-03-31,GADS_002,Search — Competitor Keywords,DISPLAY,37796,1533,527.29,52.0,1071.72,0.0406,0.34,13.95,2.03,8
2026-03-31,GADS_003,Performance Max — All Products,SEARCH,30267,827,319.48,45.5,2426.97,0.0273,0.39,10.56,7.6,6
2026-03-31,GADS_004,Display — Retargeting,SEARCH,18932,951,256.3,63.9,1595.58,0.0502,0.27,13.54,6.23,6
