date,campaign_id,campaign_name,objective,impressions,clicks,spend,conversions,conversion_value,ctr,cpc,cpm,roas
2026-01-01,META_001,Brand Awareness Q1,CONVERSIONS,49304,2125,410.26,99,13692.69,0.0431,0.19,8.32,33.38
2026-01-01,META_002,Retargeting — Website Visitors,TRAFFIC,28442,1062,454.21,89,7660.23,0.0373,0.43,15.97,16.86
2026-01-01,META_003,Prospecting — Lookalike 1%,AWARENESS,38172,648,182.29,27,1918.35,0.017,0.28,4.78,10.52
2026-01-01,META_004,App Install — iOS,AWARENESS,77474,2331,466.27,144,8405.28,0.0301,0.2,6.02,18.03
2026-01-02,META_001,Brand Awareness Q1,CONVERSIONS,49630,2280,466.84,112,14993.44,0.0459,0.2,9.41,32.12
2026-01-02,META_002,Retargeting — Website Visitors,TRAFFIC,79125,2987,444.35,233,24583.83,0.0378,0.15,5.62,55.33
2026-01-02,META_003,Prospecting — Lookalike 1%,CONVERSIONS,44172,738,196.18,49,2936.08,0.0167,0.27,4.44,14.97
2026-01-02,META_004,App Install — iOS,TRAFFIC,68098,2025,333.8,109,13059.29,0.0297,0.16,4.9,39.12
2026-01-03,META_001,Brand Awareness Q1,CONVERSIONS,22966,1041,391.16,65,6949.15,0.0453,0.38,17.03,17.77
2026-01-03,META_002,Retargeting — Website Visitors,TRAFFIC,25585,1165,330.16,85,9837.9,0.0455,0.28,12.9,29.8
2026-01-03,META_003,Prospecting — Lookalike 1%,AWARENESS,41130,1411,375.55,49,4280.64,0.0343,0.27,9.13,11.4
2026-01-03,META_004,App Install — iOS,CONVERSIONS,41755,1830,116.55,145,5905.85,0.0438,0.06,2.79,50.67
2026-01-04,META_001,Brand Awareness Q1,AWARENESS,17927,415,129.14,26,3324.1,0.0231,0.31,7.2,25.74
2026-01-04,META_002,Retargeting — Website Visitors,AWARENESS,18976,554,406.7,49,3931.76,0.0292,0.73,21.43,9.67
2026-01-04,META_003,Prospecting — Lookalike 1%,AWARENESS,11903,214,458.52,16,1235.52,0.018,2.14,38.52,2.69
2026-01-04,META_004,App Install — iOS,CONVERSIONS,43804,1351,211.73,26,3719.82,0.0308,0.16,4.83,17.57
2026-01-05,META_001,Brand Awareness Q1,CONVERSIONS,35609,1726,489.69,155,11297.95,0.0485,0.28,13.75,23.07
2026-01-05,META_002,Retargeting — Website Visitors,TRAFFIC,53411,1359,487.86,40,2782.0,0.0254,0.36,9.13,5.7
2026-01-05,META_003,Prospecting — Lookalike 1%,CONVERSIONS,30501,1001,175.22,23,2357.04,0.0328,0.18,5.74,13.45
2026-01-05,META_004,App Install — iOS,TRAFFIC,77098,1878,75.67,62,1848.22,0.0244,0.04,0.98,24.42
2026-01-06,META_001,Brand Awareness Q1,AWARENESS,42414,855,258.29,81,8516.34,0.0202,0.3,6.09,32.97
2026-01-06,META_002,Retargeting — Website Visitors,AWARENESS,46384,644,227.67,43,3962.02,0.0139,0.35,4.91,17.4
2026-01-06,META_003,Prospecting — Lookalike 1%,AWARENESS,34477,1066,68.33,93,8857.32,0.0309,0.06,1.98,129.63
2026-01-06,META_004,App Install — iOS,AWARENESS,69798,51,265.61,2,267.48,0.0007,5.21,3.81,1.01
2026-01-07,META_001,Brand Awareness Q1,AWARENESS,55968,661,296.99,24,2835.12,0.0118,0.45,5.31,9.55
2026-01-07,META_002,Retargeting — Website Visitors,CONVERSIONS,46068,2167,307.74,6,894.9,0.047,0.14,6.68,2.91
2026-01-07,META_003,Prospecting — Lookalike 1%,CONVERSIONS,9067,154,345.57,14,1051.54,0.017,2.24,38.11,3.04
2026-01-07,META_004,App Install — iOS,CONVERSIONS,17588,133,118.51,5,186.35,0.0076,0.89,6.74,1.57
2026-01-08,META_001,Brand Awareness Q1,TRAFFIC,36314,586,399.77,34,2308.94,0.0161,0.68,11.01,5.78
2026-01-08,META_002,Retargeting — Website Visitors,TRAFFIC,56216,1266,187.91,121,4313.65,0.0225,0.15,3.34,22.96
2026-01-08,META_003,Prospecting — Lookalike 1%,TRAFFIC,15690,548,156.25,41,855.67,0.0349,0.29,9.96,5.48
2026-01-08,META_004,App Install — iOS,AWARENESS,72935,202,135.77,10,1461.9,0.0028,0.67,1.86,10.77
2026-01-09,META_001,Brand Awareness Q1,TRAFFIC,74029,3152,299.24,10,243.3,0.0426,0.09,4.04,0.81
2026-01-09,META_002,Retargeting — Website Visitors,AWARENESS,74224,367,186.91,10,414.1,0.0049,0.51,2.52,2.22
2026-01-09,META_003,Prospecting — Lookalike 1%,CONVERSIONS,51562,2316,210.61,123,10662.87,0.0449,0.09,4.08,50.63
2026-01-09,META_004,App Install — iOS,CONVERSIONS,21180,62,474.74,0,0.0,0.0029,7.66,22.41,0.0
2026-01-10,META_001,Brand Awareness Q1,AWARENESS,31865,1399,396.66,39,4800.12,0.0439,0.28,12.45,12.1
2026-01-10,META_002,Retargeting — Website Visitors,AWARENESS,66430,1443,348.34,31,3833.46,0.0217,0.24,5.24,11.0
2026-01-10,META_003,Prospecting — Lookalike 1%,CONVERSIONS,69425,119,66.19,1,128.24,0.0017,0.56,0.95,1.94
2026-01-10,META_004,App Install — iOS,CONVERSIONS,13342,72,184.09,1,89.64,0.0054,2.56,13.8,0.49
2026-01-11,META_001,Brand Awareness Q1,TRAFFIC,68122,1283,133.0,33,2306.7,0.0188,0.1,1.95,17.34
2026-01-11,META_002,Retargeting — Website Visitors,TRAFFIC,54624,1427,417.38,10,363.6,0.0261,0.29,7.64,0.87
2026-01-11,META_003,Prospecting — Lookalike 1%,TRAFFIC,66893,590,64.3,7,286.86,0.0088,0.11,0.96,4.46
2026-01-11,META_004,App Install — iOS,CONVERSIONS,37659,214,108.34,0,0.0,0.0057,0.51,2.88,0.0
2026-01-12,META_001,Brand Awareness Q1,TRAFFIC,33568,1386,264.16,23,2585.66,0.0413,0.19,7.87,9.79
2026-01-12,META_002,Retargeting — Website Visitors,AWARENESS,71281,2611,231.49,108,9769.68,0.0366,0.09,3.25,42.2
2026-01-12,META_003,Prospecting — Lookalike 1%,CONVERSIONS,6644,162,207.33,3,349.2,0.0244,1.28,31.21,1.68
2026-01-12,META_004,App Install — iOS,TRAFFIC,28001,405,389.48,4,402.32,0.0145,0.96,13.91,1.03
2026-01-13,META_001,Brand Awareness Q1,AWARENESS,39564,1090,372.55,84,9140.04,0.0276,0.34,9.42,24.53
2026-01-13,META_002,Retargeting — Website Visitors,CONVERSIONS,17061,409,300.21,3,336.87,0.024,0.73,17.6,1.12
2026-01-13,META_003,Prospecting — Lookalike 1%,CONVERSIONS,47511,536,217.33,46,4411.4,0.0113,0.41,4.57,20.3
2026-01-13,META_004,App Install — iOS,TRAFFIC,61287,181,274.35,6,883.2,0.003,1.52,4.48,3.22
2026-01-14,META_001,Brand Awareness Q1,TRAFFIC,74667,1516,354.92,106,5576.66,0.0203,0.23,4.75,15.71
2026-01-14,META_002,Retargeting — Website Visitors,AWARENESS,45359,1327,363.99,20,2243.6,0.0293,0.27,8.02,6.16
2026-01-14,META_003,Prospecting — Lookalike 1%,TRAFFIC,75398,2208,412.39,28,3077.76,0.0293,0.19,5.47,7.46
2026-01-14,META_004,App Install — iOS,AWARENESS,40964,1165,262.09,21,1579.2,0.0284,0.22,6.4,6.03
2026-01-15,META_001,Brand Awareness Q1,TRAFFIC,57642,650,339.18,52,6246.24,0.0113,0.52,5.88,18.42
2026-01-15,META_002,Retargeting — Website Visitors,AWARENESS,76804,2433,411.44,130,7742.8,0.0317,0.17,5.36,18.82
2026-01-15,META_003,Prospecting — Lookalike 1%,AWARENESS,50056,2159,325.34,154,4368.98,0.0431,0.15,6.5,13.43
2026-01-15,META_004,App Install — iOS,AWARENESS,38645,1699,334.29,26,3351.66,0.044,0.2,8.65,10.03
2026-01-16,META_001,Brand Awareness Q1,TRAFFIC,46047,796,52.62,16,1588.32,0.0173,0.07,1.14,30.18
2026-01-16,META_002,Retargeting — Website Visitors,AWARENESS,6203,295,487.1,25,2646.5,0.0476,1.65,78.53,5.43
2026-01-16,META_003,Prospecting — Lookalike 1%,AWARENESS,74717,2901,312.57,142,15581.66,0.0388,0.11,4.18,49.85
2026-01-16,META_004,App Install — iOS,CONVERSIONS,58773,308,279.1,28,3720.64,0.0052,0.91,4.75,13.33
2026-01-17,META_001,Brand Awareness Q1,TRAFFIC,5411,243,159.13,10,1387.4,0.0449,0.65,29.41,8.72
2026-01-17,META_002,Retargeting — Website Visitors,AWARENESS,44148,1170,182.5,32,3599.68,0.0265,0.16,4.13,19.72
2026-01-17,META_003,Prospecting — Lookalike 1%,CONVERSIONS,48965,1706,418.51,135,18627.3,0.0348,0.25,8.55,44.51
2026-01-17,META_004,App Install — iOS,AWARENESS,31623,885,443.14,24,1391.28,0.028,0.5,14.01,3.14
2026-01-18,META_001,Brand Awareness Q1,CONVERSIONS,64199,1123,380.92,1,132.9,0.0175,0.34,5.93,0.35
2026-01-18,META_002,Retargeting — Website Visitors,TRAFFIC,15291,349,255.04,16,2189.76,0.0228,0.73,16.68,8.59
2026-01-18,META_003,Prospecting — Lookalike 1%,TRAFFIC,75479,1125,73.98,94,6385.42,0.0149,0.07,0.98,86.31
2026-01-18,META_004,App Install — iOS,CONVERSIONS,35935,1468,490.91,119,4303.04,0.0409,0.33,13.66,8.77
2026-01-19,META_001,Brand Awareness Q1,TRAFFIC,44374,305,434.35,8,220.0,0.0069,1.42,9.79,0.51
2026-01-19,META_002,Retargeting — Website Visitors,CONVERSIONS,6701,212,58.59,14,1094.8,0.0316,0.28,8.74,18.69
2026-01-19,META_003,Prospecting — Lookalike 1%,AWARENESS,44609,672,170.12,2,82.94,0.0151,0.25,3.81,0.49
2026-01-19,META_004,App Install — iOS,TRAFFIC,53372,1462,93.66,55,5888.3,0.0274,0.06,1.75,62.87
2026-01-20,META_001,Brand Awareness Q1,AWARENESS,30879,352,479.57,13,530.27,0.0114,1.36,15.53,1.11
2026-01-20,META_002,Retargeting — Website Visitors,CONVERSIONS,45494,764,279.67,44,4729.56,0.0168,0.37,6.15,16.91
2026-01-20,META_003,Prospecting — Lookalike 1%,AWARENESS,65071,495,278.79,0,0.0,0.0076,0.56,4.28,0.0
2026-01-20,META_004,App Install — iOS,TRAFFIC,61520,175,219.5,16,2163.04,0.0028,1.25,3.57,9.85
2026-01-21,META_001,Brand Awareness Q1,TRAFFIC,66709,1653,268.13,95,10239.1,0.0248,0.16,4.02,38.19
2026-01-21,META_002,Retargeting — Website Visitors,TRAFFIC,37382,1767,160.35,156,7743.84,0.0473,0.09,4.29,48.29
2026-01-21,META_003,Prospecting — Lookalike 1%,CONVERSIONS,15600,104,356.35,7,873.6,0.0067,3.43,22.84,2.45
2026-01-21,META_004,App Install — iOS,TRAFFIC,53369,1922,348.07,79,7661.42,0.036,0.18,6.52,22.01
2026-01-22,META_001,Brand Awareness Q1,AWARENESS,7230,289,317.37,18,541.08,0.04,1.1,43.9,1.7
2026-01-22,META_002,Retargeting — Website Visitors,TRAFFIC,72619,3113,377.58,160,16502.4,0.0429,0.12,5.2,43.71
2026-01-22,META_003,Prospecting — Lookalike 1%,AWARENESS,45280,817,309.88,66,3097.38,0.018,0.38,6.84,10.0
2026-01-22,META_004,App Install — iOS,TRAFFIC,55910,560,312.54,13,1913.6,0.01,0.56,5.59,6.12
2026-01-23,META_001,Brand Awareness Q1,TRAFFIC,8022,148,184.53,1,100.18,0.0184,1.25,23.0,0.54
2026-01-23,META_002,Retargeting — Website Visitors,AWARENESS,28090,464,61.21,26,790.66,0.0165,0.13,2.18,12.92
2026-01-23,META_003,Prospecting — Lookalike 1%,CONVERSIONS,53651,735,421.29,2,250.06,0.0137,0.57,7.85,0.59
2026-01-23,META_004,App Install — iOS,CONVERSIONS,77312,3444,111.29,202,14707.62,0.0445,0.03,1.44,132.16
2026-01-24,META_001,Brand Awareness Q1,AWARENESS,75913,1278,64.66,121,9453.73,0.0168,0.05,0.85,146.21
2026-01-24,META_002,Retargeting — Website Visitors,AWARENESS,78194,2095,335.18,39,4282.2,0.0268,0.16,4.29,12.78
2026-01-24,META_003,Prospecting — Lookalike 1%,TRAFFIC,16460,258,320.66,16,955.04,0.0157,1.24,19.48,2.98
2026-01-24,META_004,App Install — iOS,AWARENESS,51144,94,208.41,6,581.34,0.0018,2.22,4.07,2.79
2026-01-25,META_001,Brand Awareness Q1,TRAFFIC,58737,641,395.9,58,3336.74,0.0109,0.62,6.74,8.43
2026-01-25,META_002,Retargeting — Website Visitors,AWARENESS,24770,289,302.63,17,1584.57,0.0117,1.05,12.22,5.24
2026-01-25,META_003,Prospecting — Lookalike 1%,TRAFFIC,41953,81,302.31,3,357.66,0.0019,3.73,7.21,1.18
2026-01-25,META_004,App Install — iOS,AWARENESS,40127,731,442.59,23,618.01,0.0182,0.61,11.03,1.4
2026-01-26,META_001,Brand Awareness Q1,AWARENESS,64816,828,483.32,26,819.26,0.0128,0.58,7.46,1.7
2026-01-26,META_002,Retargeting — Website Visitors,TRAFFIC,54750,2499,259.18,21,812.91,0.0456,0.1,4.73,3.14
2026-01-26,META_003,Prospecting — Lookalike 1%,CONVERSIONS,15240,648,493.78,25,1919.0,0.0425,0.76,32.4,3.89
2026-01-26,META_004,App Install — iOS,CONVERSIONS,37583,1683,261.79,12,1112.04,0.0448,0.16,6.97,4.25
2026-01-27,META_001,Brand Awareness Q1,AWARENESS,60082,2211,265.19,149,5328.24,0.0368,0.12,4.41,20.09
2026-01-27,META_002,Retargeting — Website Visitors,TRAFFIC,78010,2436,283.36,234,21219.12,0.0312,0.12,3.63,74.88
2026-01-27,META_003,Prospecting — Lookalike 1%,TRAFFIC,43632,866,85.71,79,3721.69,0.0198,0.1,1.96,43.42
2026-01-27,META_004,App Install — iOS,CONVERSIONS,42021,1211,304.9,70,6814.5,0.0288,0.25,7.26,22.35
2026-01-28,META_001,Brand Awareness Q1,CONVERSIONS,31816,1005,289.19,73,7216.05,0.0316,0.29,9.09,24.95
2026-01-28,META_002,Retargeting — Website Visitors,AWARENESS,63661,935,203.18,57,7603.8,0.0147,0.22,3.19,37.42
2026-01-28,META_003,Prospecting — Lookalike 1%,AWARENESS,48594,145,168.24,9,335.43,0.003,1.16,3.46,1.99
2026-01-28,META_004,App Install — iOS,AWARENESS,52864,1883,223.89,116,13531.4,0.0356,0.12,4.24,60.44
2026-01-29,META_001,Brand Awareness Q1,CONVERSIONS,17240,299,378.37,19,1865.8,0.0173,1.27,21.95,4.93
2026-01-29,META_002,Retargeting — Website Visitors,TRAFFIC,65491,3104,350.97,48,3258.24,0.0474,0.11,5.36,9.28
2026-01-29,META_003,Prospecting — Lookalike 1%,AWARENESS,19127,142,238.86,4,284.12,0.0074,1.68,12.49,1.19
2026-01-29,META_004,App Install — iOS,AWARENESS,31680,598,101.3,5,243.4,0.0189,0.17,3.2,2.4
2026-01-30,META_001,Brand Awareness Q1,TRAFFIC,49117,1298,273.53,100,4820.0,0.0264,0.21,5.57,17.62
2026-01-30,META_002,Retargeting — Website Visitors,AWARENESS,57666,2780,328.48,182,24426.22,0.0482,0.12,5.7,74.36
2026-01-30,META_003,Prospecting — Lookalike 1%,TRAFFIC,66133,2065,364.65,99,3466.98,0.0312,0.18,5.51,9.51
2026-01-30,META_004,App Install — iOS,AWARENESS,21623,853,126.84,80,9894.4,0.0394,0.15,5.87,78.01
2026-01-31,META_001,Brand Awareness Q1,TRAFFIC,25941,1199,492.76,97,5887.9,0.0462,0.41,19.0,11.95
2026-01-31,META_002,Retargeting — Website Visitors,CONVERSIONS,6592,122,78.01,3,217.68,0.0185,0.64,11.83,2.79
2026-01-31,META_003,Prospecting — Lookalike 1%,AWARENESS,18630,740,207.97,38,3192.38,0.0397,0.28,11.16,15.35
2026-01-31,META_004,App Install — iOS,AWARENESS,51396,2254,488.79,94,6458.74,0.0439,0.22,9.51,13.21
2026-02-01,META_001,Brand Awareness Q1,AWARENESS,17734,612,261.37,41,1905.27,0.0345,0.43,14.74,7.29
2026-02-01,META_002,Retargeting — Website Visitors,AWARENESS,17044,790,194.35,65,2595.45,0.0464,0.25,11.4,13.35
2026-02-01,META_003,Prospecting — Lookalike 1%,CONVERSIONS,50156,1368,408.14,112,9223.2,0.0273,0.3,8.14,22.6
2026-02-01,META_004,App Install — iOS,CONVERSIONS,50026,969,320.86,72,7354.08,0.0194,0.33,6.41,22.92
2026-02-02,META_001,Brand Awareness Q1,CONVERSIONS,27881,1006,196.62,71,7347.79,0.0361,0.2,7.05,37.37
2026-02-02,META_002,Retargeting — Website Visitors,CONVERSIONS,61740,145,315.72,3,115.65,0.0023,2.18,5.11,0.37
2026-02-02,META_003,Prospecting — Lookalike 1%,TRAFFIC,24265,869,406.28,38,2425.92,0.0358,0.47,16.74,5.97
2026-02-02,META_004,App Install — iOS,AWARENESS,49548,1665,65.57,60,6260.4,0.0336,0.04,1.32,95.48
2026-02-03,META_001,Brand Awareness Q1,TRAFFIC,39009,1142,140.09,0,0.0,0.0293,0.12,3.59,0.0
2026-02-03,META_002,Retargeting — Website Visitors,CONVERSIONS,33082,769,285.58,60,2881.8,0.0232,0.37,8.63,10.09
2026-02-03,META_003,Prospecting — Lookalike 1%,AWARENESS,51575,177,353.01,8,1130.48,0.0034,1.99,6.84,3.2
2026-02-03,META_004,App Install — iOS,AWARENESS,66883,861,164.34,28,4128.32,0.0129,0.19,2.46,25.12
2026-02-04,META_001,Brand Awareness Q1,CONVERSIONS,18309,403,416.65,2,261.42,0.022,1.03,22.76,0.63
2026-02-04,META_002,Retargeting — Website Visitors,CONVERSIONS,61661,1619,246.12,136,2847.84,0.0263,0.15,3.99,11.57
2026-02-04,META_003,Prospecting — Lookalike 1%,AWARENESS,19762,59,109.52,0,0.0,0.003,1.86,5.54,0.0
2026-02-04,META_004,App Install — iOS,CONVERSIONS,64190,919,108.03,46,2983.56,0.0143,0.12,1.68,27.62
2026-02-05,META_001,Brand Awareness Q1,CONVERSIONS,50289,230,459.1,6,494.22,0.0046,2.0,9.13,1.08
2026-02-05,META_002,Retargeting — Website Visitors,AWARENESS,45370,1679,439.88,150,15922.5,0.037,0.26,9.7,36.2
2026-02-05,META_003,Prospecting — Lookalike 1%,CONVERSIONS,61476,399,86.09,37,3576.79,0.0065,0.22,1.4,41.55
2026-02-05,META_004,App Install — iOS,AWARENESS,18526,380,409.21,10,345.2,0.0205,1.08,22.09,0.84
2026-02-06,META_001,Brand Awareness Q1,AWARENESS,11050,205,367.3,1,55.77,0.0186,1.79,33.24,0.15
2026-02-06,META_002,Retargeting — Website Visitors,TRAFFIC,71645,1894,237.24,74,8232.5,0.0264,0.13,3.31,34.7
2026-02-06,META_003,Prospecting — Lookalike 1%,TRAFFIC,66323,2453,401.52,40,2608.4,0.037,0.16,6.05,6.5
2026-02-06,META_004,App Install — iOS,AWARENESS,65627,375,330.4,8,215.92,0.0057,0.88,5.03,0.65
2026-02-07,META_001,Brand Awareness Q1,CONVERSIONS,79273,3214,194.94,119,11334.75,0.0405,0.06,2.46,58.14
2026-02-07,META_002,Retargeting — Website Visitors,CONVERSIONS,18463,128,241.31,6,267.18,0.0069,1.89,13.07,1.11
2026-02-07,META_003,Prospecting — Lookalike 1%,TRAFFIC,35967,1246,464.78,28,3419.36,0.0346,0.37,12.92,7.36
2026-02-07,META_004,App Install — iOS,CONVERSIONS,14067,145,109.24,5,391.7,0.0103,0.75,7.77,3.59
2026-02-08,META_001,Brand Awareness Q1,AWARENESS,51031,1440,95.78,116,10117.52,0.0282,0.07,1.88,105.63
2026-02-08,META_002,Retargeting — Website Visitors,AWARENESS,66972,1585,166.61,88,10358.48,0.0237,0.11,2.49,62.17
2026-02-08,META_003,Prospecting — Lookalike 1%,CONVERSIONS,38292,1678,56.54,37,5280.27,0.0438,0.03,1.48,93.39
2026-02-08,META_004,App Install — iOS,TRAFFIC,59463,175,150.87,5,746.6,0.0029,0.86,2.54,4.95
2026-02-09,META_001,Brand Awareness Q1,CONVERSIONS,50359,1442,485.01,0,0.0,0.0286,0.34,9.63,0.0
2026-02-09,META_002,Retargeting — Website Visitors,TRAFFIC,33132,1197,190.39,44,6383.52,0.0361,0.16,5.75,33.53
2026-02-09,META_003,Prospecting — Lookalike 1%,CONVERSIONS,59495,445,58.01,30,2901.0,0.0075,0.13,0.98,50.01
2026-02-09,META_004,App Install — iOS,TRAFFIC,13350,180,322.68,10,268.1,0.0135,1.79,24.17,0.83
2026-02-10,META_001,Brand Awareness Q1,CONVERSIONS,57155,275,75.76,25,893.25,0.0048,0.28,1.33,11.79
2026-02-10,META_002,Retargeting — Website Visitors,AWARENESS,69899,266,330.2,12,1175.4,0.0038,1.24,4.72,3.56
2026-02-10,META_003,Prospecting — Lookalike 1%,AWARENESS,56621,2250,98.47,11,365.2,0.0397,0.04,1.74,3.71
2026-02-10,META_004,App Install — iOS,TRAFFIC,34842,715,100.75,14,1672.86,0.0205,0.14,2.89,16.6
2026-02-11,META_001,Brand Awareness Q1,AWARENESS,25566,829,151.61,61,2573.59,0.0324,0.18,5.93,16.98
2026-02-11,META_002,Retargeting — Website Visitors,TRAFFIC,60760,231,111.9,7,340.34,0.0038,0.48,1.84,3.04
2026-02-11,META_003,Prospecting — Lookalike 1%,CONVERSIONS,35225,559,110.9,10,256.1,0.0159,0.2,3.15,2.31
2026-02-11,META_004,App Install — iOS,AWARENESS,42870,1349,345.13,111,6068.37,0.0315,0.26,8.05,17.58
2026-02-12,META_001,Brand Awareness Q1,AWARENESS,75423,3659,227.61,298,36773.2,0.0485,0.06,3.02,161.56
2026-02-12,META_002,Retargeting — Website Visitors,TRAFFIC,42522,921,126.94,28,2332.4,0.0217,0.14,2.99,18.37
2026-02-12,META_003,Prospecting — Lookalike 1%,CONVERSIONS,39637,125,149.81,11,817.63,0.0032,1.2,3.78,5.46
2026-02-12,META_004,App Install — iOS,TRAFFIC,43407,135,278.57,4,262.52,0.0031,2.06,6.42,0.94
2026-02-13,META_001,Brand Awareness Q1,TRAFFIC,49315,1209,374.18,24,2891.76,0.0245,0.31,7.59,7.73
2026-02-13,META_002,Retargeting — Website Visitors,AWARENESS,74527,1677,313.33,50,5207.0,0.0225,0.19,4.2,16.62
2026-02-13,META_003,Prospecting — Lookalike 1%,AWARENESS,72520,1074,417.86,55,1370.05,0.0148,0.39,5.76,3.28
2026-02-13,META_004,App Install — iOS,CONVERSIONS,27083,663,135.52,2,92.34,0.0245,0.2,5.0,0.68
2026-02-14,META_001,Brand Awareness Q1,CONVERSIONS,78930,228,355.86,11,879.56,0.0029,1.56,4.51,2.47
2026-02-14,META_002,Retargeting — Website Visitors,AWARENESS,63147,707,462.42,16,607.52,0.0112,0.65,7.32,1.31
2026-02-14,META_003,Prospecting — Lookalike 1%,TRAFFIC,75832,1144,69.01,39,3301.74,0.0151,0.06,0.91,47.84
2026-02-14,META_004,App Install — iOS,TRAFFIC,13742,529,104.89,18,2367.9,0.0385,0.2,7.63,22.58
2026-02-15,META_001,Brand Awareness Q1,TRAFFIC,31496,235,373.8,11,290.51,0.0075,1.59,11.87,0.78
2026-02-15,META_002,Retargeting — Website Visitors,TRAFFIC,51010,1876,259.0,184,14409.04,0.0368,0.14,5.08,55.63
2026-02-15,META_003,Prospecting — Lookalike 1%,AWARENESS,45111,217,291.1,11,725.12,0.0048,1.34,6.45,2.49
2026-02-15,META_004,App Install — iOS,CONVERSIONS,36740,1006,439.07,19,1797.21,0.0274,0.44,11.95,4.09
2026-02-16,META_001,Brand Awareness Q1,CONVERSIONS,50616,936,117.09,8,983.36,0.0185,0.13,2.31,8.4
2026-02-16,META_002,Retargeting — Website Visitors,CONVERSIONS,69030,2651,423.36,124,14923.4,0.0384,0.16,6.13,35.25
2026-02-16,META_003,Prospecting — Lookalike 1%,CONVERSIONS,5879,275,457.75,17,1944.63,0.0468,1.66,77.86,4.25
2026-02-16,META_004,App Install — iOS,TRAFFIC,72514,1392,261.92,9,1277.1,0.0192,0.19,3.61,4.88
2026-02-17,META_001,Brand Awareness Q1,AWARENESS,51439,778,367.97,41,1428.44,0.0151,0.47,7.15,3.88
2026-02-17,META_002,Retargeting — Website Visitors,TRAFFIC,72368,1507,326.5,44,4549.16,0.0208,0.22,4.51,13.93
2026-02-17,META_003,Prospecting — Lookalike 1%,AWARENESS,24649,400,439.8,26,1852.24,0.0162,1.1,17.84,4.21
2026-02-17,META_004,App Install — iOS,CONVERSIONS,49335,1314,483.42,107,11111.95,0.0266,0.37,9.8,22.99
2026-02-18,META_001,Brand Awareness Q1,AWARENESS,38299,1063,280.46,16,1010.24,0.0278,0.26,7.32,3.6
2026-02-18,META_002,Retargeting — Website Visitors,AWARENESS,43142,2031,151.05,88,2741.2,0.0471,0.07,3.5,18.15
2026-02-18,META_003,Prospecting — Lookalike 1%,CONVERSIONS,19653,926,188.58,71,7440.8,0.0471,0.2,9.6,39.46
2026-02-18,META_004,App Install — iOS,TRAFFIC,6508,56,266.22,4,117.44,0.0086,4.75,40.91,0.44
2026-02-19,META_001,Brand Awareness Q1,CONVERSIONS,58981,2253,321.78,130,9493.9,0.0382,0.14,5.46,29.5
2026-02-19,META_002,Retargeting — Website Visitors,CONVERSIONS,38101,647,443.56,10,309.5,0.017,0.69,11.64,0.7
2026-02-19,META_003,Prospecting — Lookalike 1%,AWARENESS,47989,1903,158.37,164,17154.4,0.0397,0.08,3.3,108.32
2026-02-19,META_004,App Install — iOS,AWARENESS,58341,1317,416.61,98,8579.9,0.0226,0.32,7.14,20.59
2026-02-20,META_001,Brand Awareness Q1,AWARENESS,40636,1219,215.82,42,5363.4,0.03,0.18,5.31,24.85
2026-02-20,META_002,Retargeting — Website Visitors,AWARENESS,9492,377,482.3,11,1188.55,0.0397,1.28,50.81,2.46
2026-02-20,META_003,Prospecting — Lookalike 1%,CONVERSIONS,30999,153,132.74,0,0.0,0.0049,0.87,4.28,0.0
2026-02-20,META_004,App Install — iOS,TRAFFIC,49285,1754,361.29,93,13709.13,0.0356,0.21,7.33,37.94
2026-02-21,META_001,Brand Awareness Q1,CONVERSIONS,51863,696,437.22,48,6668.64,0.0134,0.63,8.43,15.25
2026-02-21,META_002,Retargeting — Website Visitors,TRAFFIC,65027,3169,423.97,196,20805.4,0.0487,0.13,6.52,49.07
2026-02-21,META_003,Prospecting — Lookalike 1%,TRAFFIC,61422,2398,57.99,8,603.2,0.039,0.02,0.94,10.4
2026-02-21,META_004,App Install — iOS,AWARENESS,43181,557,417.83,25,1096.0,0.0129,0.75,9.68,2.62
2026-02-22,META_001,Brand Awareness Q1,AWARENESS,54661,1931,271.96,155,19883.4,0.0353,0.14,4.98,73.11
2026-02-22,META_002,Retargeting — Website Visitors,AWARENESS,29384,1164,60.43,30,2891.4,0.0396,0.05,2.06,47.85
2026-02-22,META_003,Prospecting — Lookalike 1%,TRAFFIC,34851,63,298.11,4,262.8,0.0018,4.73,8.55,0.88
2026-02-22,META_004,App Install — iOS,CONVERSIONS,33349,173,485.73,13,1568.32,0.0052,2.81,14.57,3.23
2026-02-23,META_001,Brand Awareness Q1,AWARENESS,45914,1047,237.77,102,13640.46,0.0228,0.23,5.18,57.37
2026-02-23,META_002,Retargeting — Website Visitors,CONVERSIONS,78794,754,408.53,48,6840.96,0.0096,0.54,5.18,16.75
2026-02-23,META_003,Prospecting — Lookalike 1%,AWARENESS,22430,468,478.53,26,833.04,0.0209,1.02,21.33,1.74
2026-02-23,META_004,App Install — iOS,TRAFFIC,40273,945,412.53,31,3468.9,0.0235,0.44,10.24,8.41
2026-02-24,META_001,Brand Awareness Q1,TRAFFIC,47228,1882,471.46,60,8841.6,0.0398,0.25,9.98,18.75
2026-02-24,META_002,Retargeting — Website Visitors,AWARENESS,54568,588,205.49,57,5877.27,0.0108,0.35,3.77,28.6
2026-02-24,META_003,Prospecting — Lookalike 1%,CONVERSIONS,35900,163,431.1,3,67.47,0.0045,2.64,12.01,0.16
2026-02-24,META_004,App Install — iOS,TRAFFIC,23190,772,154.9,67,5240.74,0.0333,0.2,6.68,33.83
2026-02-25,META_001,Brand Awareness Q1,CONVERSIONS,41058,1015,257.07,88,6037.68,0.0247,0.25,6.26,23.49
2026-02-25,META_002,Retargeting — Website Visitors,TRAFFIC,65395,1015,124.6,19,1942.37,0.0155,0.12,1.91,15.59
2026-02-25,META_003,Prospecting — Lookalike 1%,CONVERSIONS,41181,660,498.66,47,2404.05,0.016,0.76,12.11,4.82
2026-02-25,META_004,App Install — iOS,AWARENESS,26737,1260,333.16,6,447.36,0.0471,0.26,12.46,1.34
2026-02-26,META_001,Brand Awareness Q1,AWARENESS,70069,444,241.83,39,1492.53,0.0063,0.54,3.45,6.17
2026-02-26,META_002,Retargeting — Website Visitors,CONVERSIONS,71414,1990,413.64,170,21856.9,0.0279,0.21,5.79,52.84
2026-02-26,META_003,Prospecting — Lookalike 1%,CONVERSIONS,75069,2488,258.26,245,24963.05,0.0331,0.1,3.44,96.66
2026-02-26,META_004,App Install — iOS,AWARENESS,32920,949,71.64,57,2490.9,0.0288,0.08,2.18,34.77
2026-02-27,META_001,Brand Awareness Q1,TRAFFIC,64357,3137,145.7,277,7952.67,0.0487,0.05,2.26,54.58
2026-02-27,META_002,Retargeting — Website Visitors,TRAFFIC,8237,349,426.76,0,0.0,0.0424,1.22,51.81,0.0
2026-02-27,META_003,Prospecting — Lookalike 1%,TRAFFIC,15253,479,364.03,13,1201.46,0.0314,0.76,23.87,3.3
2026-02-27,META_004,App Install — iOS,CONVERSIONS,24155,742,130.76,71,4469.45,0.0307,0.18,5.41,34.18
2026-02-28,META_001,Brand Awareness Q1,CONVERSIONS,70917,2676,497.55,14,1544.34,0.0377,0.19,7.02,3.1
2026-02-28,META_002,Retargeting — Website Visitors,AWARENESS,72745,1894,285.9,154,13256.32,0.026,0.15,3.93,46.37
2026-02-28,META_003,Prospecting — Lookalike 1%,CONVERSIONS,8328,355,324.4,2,161.44,0.0426,0.91,38.95,0.5
2026-02-28,META_004,App Install — iOS,AWARENESS,55030,2197,487.1,33,1194.27,0.0399,0.22,8.85,2.45
2026-03-01,META_001,Brand Awareness Q1,CONVERSIONS,24277,447,207.61,37,4226.88,0.0184,0.46,8.55,20.36
2026-03-01,META_002,Retargeting — Website Visitors,CONVERSIONS,60800,2457,105.25,20,1868.8,0.0404,0.04,1.73,17.76
2026-03-01,META_003,Prospecting — Lookalike 1%,CONVERSIONS,48004,205,81.9,18,1618.02,0.0043,0.4,1.71,19.76
2026-03-01,META_004,App Install — iOS,CONVERSIONS,75052,2032,395.42,36,822.24,0.0271,0.19,5.27,2.08
2026-03-02,META_001,Brand Awareness Q1,CONVERSIONS,48578,215,314.76,1,60.78,0.0044,1.46,6.48,0.19
2026-03-02,META_002,Retargeting — Website Visitors,AWARENESS,68488,562,74.75,42,6022.8,0.0082,0.13,1.09,80.57
2026-03-02,META_003,Prospecting — Lookalike 1%,CONVERSIONS,11222,319,482.99,18,2152.8,0.0284,1.51,43.04,4.46
2026-03-02,META_004,App Install — iOS,AWARENESS,43751,1075,298.1,104,10591.36,0.0246,0.28,6.81,35.53
2026-03-03,META_001,Brand Awareness Q1,AWARENESS,71960,1711,334.38,27,1624.05,0.0238,0.2,4.65,4.86
2026-03-03,META_002,Retargeting — Website Visitors,TRAFFIC,73668,414,93.86,24,1614.96,0.0056,0.23,1.27,17.21
2026-03-03,META_003,Prospecting — Lookalike 1%,TRAFFIC,55271,1004,84.68,4,81.4,0.0182,0.08,1.53,0.96
2026-03-03,META_004,App Install — iOS,AWARENESS,5347,187,439.78,17,822.46,0.035,2.35,82.25,1.87
2026-03-04,META_001,Brand Awareness Q1,CONVERSIONS,40775,1027,51.39,18,1984.14,0.0252,0.05,1.26,38.61
2026-03-04,META_002,Retargeting — Website Visitors,CONVERSIONS,33789,1274,497.74,22,616.66,0.0377,0.39,14.73,1.24
2026-03-04,META_003,Prospecting — Lookalike 1%,TRAFFIC,9728,344,303.2,31,3371.25,0.0354,0.88,31.17,11.12
2026-03-04,META_004,App Install — iOS,CONVERSIONS,55020,512,130.43,10,376.8,0.0093,0.25,2.37,2.89
2026-03-05,META_001,Brand Awareness Q1,AWARENESS,22999,679,195.37,2,195.88,0.0295,0.29,8.49,1.0
2026-03-05,META_002,Retargeting — Website Visitors,AWARENESS,25693,294,276.11,24,496.56,0.0114,0.94,10.75,1.8
2026-03-05,META_003,Prospecting — Lookalike 1%,AWARENESS,19489,572,339.76,51,1937.49,0.0293,0.59,17.43,5.7
2026-03-05,META_004,App Install — iOS,CONVERSIONS,59249,342,265.84,10,479.4,0.0058,0.78,4.49,1.8
2026-03-06,META_001,Brand Awareness Q1,TRAFFIC,45567,2238,344.04,26,1252.68,0.0491,0.15,7.55,3.64
2026-03-06,META_002,Retargeting — Website Visitors,AWARENESS,9066,249,292.88,13,1019.98,0.0275,1.18,32.31,3.48
2026-03-06,META_003,Prospecting — Lookalike 1%,CONVERSIONS,70019,3116,396.17,233,24003.66,0.0445,0.13,5.66,60.59
2026-03-06,META_004,App Install — iOS,AWARENESS,58936,1444,289.39,14,347.06,0.0245,0.2,4.91,1.2
2026-03-07,META_001,Brand Awareness Q1,TRAFFIC,58560,885,433.01,86,5749.1,0.0151,0.49,7.39,13.28
2026-03-07,META_002,Retargeting — Website Visitors,TRAFFIC,38036,847,410.51,0,0.0,0.0223,0.48,10.79,0.0
2026-03-07,META_003,Prospecting — Lookalike 1%,TRAFFIC,37827,818,318.27,31,1737.86,0.0216,0.39,8.41,5.46
2026-03-07,META_004,App Install — iOS,CONVERSIONS,70605,329,473.06,10,818.4,0.0047,1.44,6.7,1.73
2026-03-08,META_001,Brand Awareness Q1,TRAFFIC,34850,296,220.37,25,887.0,0.0085,0.74,6.32,4.03
2026-03-08,META_002,Retargeting — Website Visitors,TRAFFIC,27177,1280,252.48,71,4693.81,0.0471,0.2,9.29,18.59
2026-03-08,META_003,Prospecting — Lookalike 1%,AWARENESS,57490,2055,401.52,88,9668.56,0.0357,0.2,6.98,24.08
2026-03-08,META_004,App Install — iOS,AWARENESS,7800,319,262.4,9,947.7,0.0409,0.82,33.64,3.61
2026-03-09,META_001,Brand Awareness Q1,AWARENESS,16664,497,217.36,32,4792.32,0.0298,0.44,13.04,22.05
2026-03-09,META_002,Retargeting — Website Visitors,AWARENESS,39739,302,197.51,9,1104.75,0.0076,0.65,4.97,5.59
2026-03-09,META_003,Prospecting — Lookalike 1%,CONVERSIONS,43946,122,132.2,5,601.85,0.0028,1.08,3.01,4.55
2026-03-09,META_004,App Install — iOS,TRAFFIC,50844,998,211.45,51,4674.66,0.0196,0.21,4.16,22.11
2026-03-10,META_001,Brand Awareness Q1,AWARENESS,24446,1126,100.23,18,2545.38,0.0461,0.09,4.1,25.4
2026-03-10,META_002,Retargeting — Website Visitors,AWARENESS,48232,1974,468.86,156,5856.24,0.0409,0.24,9.72,12.49
2026-03-10,META_003,Prospecting — Lookalike 1%,AWARENESS,25723,940,393.17,79,2877.18,0.0365,0.42,15.28,7.32
2026-03-10,META_004,App Install — iOS,TRAFFIC,13744,472,52.61,41,5389.86,0.0343,0.11,3.83,102.45
2026-03-11,META_001,Brand Awareness Q1,CONVERSIONS,48868,2440,375.33,129,12142.77,0.0499,0.15,7.68,32.35
2026-03-11,META_002,Retargeting — Website Visitors,AWARENESS,31162,1142,79.71,101,10747.41,0.0366,0.07,2.56,134.83
2026-03-11,META_003,Prospecting — Lookalike 1%,AWARENESS,32197,651,258.94,12,264.48,0.0202,0.4,8.04,1.02
2026-03-11,META_004,App Install — iOS,TRAFFIC,19771,710,289.61,53,7874.74,0.0359,0.41,14.65,27.19
2026-03-12,META_001,Brand Awareness Q1,TRAFFIC,64224,1101,57.88,57,6042.57,0.0171,0.05,0.9,104.4
2026-03-12,META_002,Retargeting — Website Visitors,TRAFFIC,28393,81,141.44,5,101.25,0.0029,1.75,4.98,0.72
2026-03-12,META_003,Prospecting — Lookalike 1%,TRAFFIC,78191,3111,193.42,102,4278.9,0.0398,0.06,2.47,22.12
2026-03-12,META_004,App Install — iOS,CONVERSIONS,58103,2053,126.23,8,714.0,0.0353,0.06,2.17,5.66
2026-03-13,META_001,Brand Awareness Q1,AWARENESS,17477,352,67.27,2,109.66,0.0201,0.19,3.85,1.63
2026-03-13,META_002,Retargeting — Website Visitors,CONVERSIONS,61319,2802,187.03,162,9992.16,0.0457,0.07,3.05,53.43
2026-03-13,META_003,Prospecting — Lookalike 1%,TRAFFIC,57357,89,294.66,4,325.52,0.0016,3.31,5.14,1.1
2026-03-13,META_004,App Install — iOS,AWARENESS,53175,190,58.32,2,130.52,0.0036,0.31,1.1,2.24
2026-03-14,META_001,Brand Awareness Q1,TRAFFIC,75118,3109,351.02,212,15535.36,0.0414,0.11,4.67,44.26
2026-03-14,META_002,Retargeting — Website Visitors,CONVERSIONS,67763,2994,186.15,157,23371.02,0.0442,0.06,2.75,125.55
2026-03-14,META_003,Prospecting — Lookalike 1%,CONVERSIONS,19272,330,358.98,26,2824.38,0.0171,1.09,18.63,7.87
2026-03-14,META_004,App Install — iOS,AWARENESS,11880,106,152.7,0,0.0,0.0089,1.44,12.85,0.0
2026-03-15,META_001,Brand Awareness Q1,TRAFFIC,59768,2403,233.33,161,11575.9,0.0402,0.1,3.9,49.61
2026-03-15,META_002,Retargeting — Website Visitors,CONVERSIONS,21364,861,386.54,85,8655.55,0.0403,0.45,18.09,22.39
2026-03-15,META_003,Prospecting — Lookalike 1%,TRAFFIC,49562,2201,365.22,203,17407.25,0.0444,0.17,7.37,47.66
2026-03-15,META_004,App Install — iOS,CONVERSIONS,37918,461,121.27,11,943.8,0.0122,0.26,3.2,7.78
2026-03-16,META_001,Brand Awareness Q1,CONVERSIONS,60714,684,299.19,30,4213.2,0.0113,0.44,4.93,14.08
2026-03-16,META_002,Retargeting — Website Visitors,TRAFFIC,47705,1929,194.07,26,3892.72,0.0404,0.1,4.07,20.06
2026-03-16,META_003,Prospecting — Lookalike 1%,TRAFFIC,15456,755,303.78,21,2963.94,0.0488,0.4,19.65,9.76
2026-03-16,META_004,App Install — iOS,CONVERSIONS,63584,2899,364.95,28,1954.68,0.0456,0.13,5.74,5.36
2026-03-17,META_001,Brand Awareness Q1,CONVERSIONS,64836,1152,231.83,70,6555.5,0.0178,0.2,3.58,28.28
2026-03-17,META_002,Retargeting — Website Visitors,AWARENESS,34149,255,338.13,17,1030.88,0.0075,1.33,9.9,3.05
2026-03-17,META_003,Prospecting — Lookalike 1%,AWARENESS,57019,1788,308.75,113,4925.67,0.0314,0.17,5.41,15.95
2026-03-17,META_004,App Install — iOS,AWARENESS,76821,504,101.58,27,1597.05,0.0066,0.2,1.32,15.72
2026-03-18,META_001,Brand Awareness Q1,AWARENESS,67550,1991,130.32,160,13265.6,0.0295,0.07,1.93,101.79
2026-03-18,META_002,Retargeting — Website Visitors,TRAFFIC,53679,720,323.43,35,730.8,0.0134,0.45,6.03,2.26
2026-03-18,META_003,Prospecting — Lookalike 1%,AWARENESS,8199,138,418.78,2,284.16,0.0168,3.03,51.08,0.68
2026-03-18,META_004,App Install — iOS,AWARENESS,36021,1039,162.05,17,1093.95,0.0288,0.16,4.5,6.75
2026-03-19,META_001,Brand Awareness Q1,TRAFFIC,15121,112,237.52,8,1106.48,0.0074,2.12,15.71,4.66
2026-03-19,META_002,Retargeting — Website Visitors,TRAFFIC,68834,1189,445.69,23,543.72,0.0173,0.37,6.47,1.22
2026-03-19,META_003,Prospecting — Lookalike 1%,CONVERSIONS,52465,1844,51.51,137,9273.53,0.0351,0.03,0.98,180.03
2026-03-19,META_004,App Install — iOS,TRAFFIC,63256,1155,356.44,4,210.6,0.0183,0.31,5.63,0.59
2026-03-20,META_001,Brand Awareness Q1,AWARENESS,79688,2877,270.23,79,10357.69,0.0361,0.09,3.39,38.33
2026-03-20,META_002,Retargeting — Website Visitors,CONVERSIONS,14162,188,331.48,14,462.28,0.0133,1.76,23.41,1.39
2026-03-20,META_003,Prospecting — Lookalike 1%,TRAFFIC,9303,329,425.72,12,583.8,0.0354,1.29,45.76,1.37
2026-03-20,META_004,App Install — iOS,CONVERSIONS,41503,1220,297.28,66,3722.4,0.0294,0.24,7.16,12.52
2026-03-21,META_001,Brand Awareness Q1,TRAFFIC,33723,1004,270.27,22,2088.02,0.0298,0.27,8.01,7.73
2026-03-21,META_002,Retargeting — Website Visitors,TRAFFIC,30741,427,482.53,27,974.16,0.0139,1.13,15.7,2.02
2026-03-21,META_003,Prospecting — Lookalike 1%,TRAFFIC,72896,2530,50.74,7,757.82,0.0347,0.02,0.7,14.94
2026-03-21,META_004,App Install — iOS,AWARENESS,46959,978,387.98,54,6911.46,0.0208,0.4,8.26,17.81
2026-03-22,META_001,Brand Awareness Q1,TRAFFIC,46814,1747,105.59,138,16702.14,0.0373,0.06,2.26,158.18
2026-03-22,META_002,Retargeting — Website Visitors,CONVERSIONS,21462,537,255.51,43,5525.5,0.025,0.48,11.91,21.63
2026-03-22,META_003,Prospecting — Lookalike 1%,CONVERSIONS,26688,102,361.72,0,0.0,0.0038,3.55,13.55,0.0
2026-03-22,META_004,App Install — iOS,TRAFFIC,17478,461,207.97,27,2207.79,0.0264,0.45,11.9,10.62
2026-03-23,META_001,Brand Awareness Q1,TRAFFIC,41472,1867,472.89,125,9573.75,0.045,0.25,11.4,20.25
2026-03-23,META_002,Retargeting — Website Visitors,CONVERSIONS,41436,816,448.51,79,10305.55,0.0197,0.55,10.82,22.98
2026-03-23,META_003,Prospecting — Lookalike 1%,AWARENESS,49862,2261,432.74,214,12309.28,0.0453,0.19,8.68,28.44
2026-03-23,META_004,App Install — iOS,TRAFFIC,69386,1146,479.33,82,9328.32,0.0165,0.42,6.91,19.46
2026-03-24,META_001,Brand Awareness Q1,AWARENESS,16137,337,316.54,10,523.7,0.0209,0.94,19.62,1.65
2026-03-24,META_002,Retargeting — Website Visitors,AWARENESS,50714,114,154.76,4,539.44,0.0022,1.36,3.05,3.49
2026-03-24,META_003,Prospecting — Lookalike 1%,TRAFFIC,74517,3512,263.31,192,24666.24,0.0471,0.07,3.53,93.68
2026-03-24,META_004,App Install — iOS,AWARENESS,54087,600,223.88,20,604.2,0.0111,0.37,4.14,2.7
2026-03-25,META_001,Brand Awareness Q1,TRAFFIC,65600,170,50.05,3,338.55,0.0026,0.29,0.76,6.76
2026-03-25,META_002,Retargeting — Website Visitors,CONVERSIONS,40683,1204,356.95,100,14430.0,0.0296,0.3,8.77,40.43
2026-03-25,META_003,Prospecting — Lookalike 1%,TRAFFIC,42170,1136,296.1,80,2196.8,0.0269,0.26,7.02,7.42
2026-03-25,META_004,App Install — iOS,TRAFFIC,28646,1029,307.62,70,7578.2,0.0359,0.3,10.74,24.63
2026-03-26,META_001,Brand Awareness Q1,TRAFFIC,61573,1849,174.35,89,4037.93,0.03,0.09,2.83,23.16
2026-03-26,META_002,Retargeting — Website Visitors,AWARENESS,21155,583,218.29,57,5293.02,0.0276,0.37,10.32,24.25
2026-03-26,META_003,Prospecting — Lookalike 1%,TRAFFIC,41945,1479,400.03,61,5393.01,0.0353,0.27,9.54,13.48
2026-03-26,META_004,App Install — iOS,TRAFFIC,59394,1151,165.35,52,1748.76,0.0194,0.14,2.78,10.58
2026-03-27,META_001,Brand Awareness Q1,CONVERSIONS,76572,3306,65.54,115,4411.4,0.0432,0.02,0.86,67.31
2026-03-27,META_002,Retargeting — Website Visitors,TRAFFIC,57089,555,243.68,45,3988.35,0.0097,0.44,4.27,16.37
2026-03-27,META_003,Prospecting — Lookalike 1%,CONVERSIONS,56645,1616,496.34,43,3877.74,0.0285,0.31,8.76,7.81
2026-03-27,META_004,App Install — iOS,CONVERSIONS,32197,603,151.35,50,1599.5,0.0187,0.25,4.7,10.57
2026-03-28,META_001,Brand Awareness Q1,AWARENESS,70950,1824,325.6,113,10689.8,0.0257,0.18,4.59,32.83
2026-03-28,META_002,Retargeting — Website Visitors,AWARENESS,50160,2251,150.34,1,124.16,0.0449,0.07,3.0,0.83
2026-03-28,META_003,Prospecting — Lookalike 1%,AWARENESS,26785,491,356.43,48,2492.16,0.0183,0.73,13.31,6.99
2026-03-28,META_004,App Install — iOS,AWARENESS,36697,767,395.81,42,4085.34,0.0209,0.52,10.79,10.32
2026-03-29,META_001,Brand Awareness Q1,TRAFFIC,24668,1068,163.63,7,872.83,0.0433,0.15,6.63,5.33
2026-03-29,META_002,Retargeting — Website Visitors,AWARENESS,10126,206,306.64,10,1098.2,0.0203,1.49,30.28,3.58
2026-03-29,META_003,Prospecting — Lookalike 1%,AWARENESS,5783,183,256.64,5,100.65,0.0316,1.4,44.38,0.39
2026-03-29,META_004,App Install — iOS,TRAFFIC,33078,609,128.8,45,4860.45,0.0184,0.21,3.89,37.74
2026-03-30,META_001,Brand Awareness Q1,TRAFFIC,11070,506,211.24,49,6061.3,0.0457,0.42,19.08,28.69
2026-03-30,META_002,Retargeting — Website Visitors,TRAFFIC,52255,765,326.28,8,186.8,0.0146,0.43,6.24,0.57
2026-03-30,META_003,Prospecting — Lookalike 1%,CONVERSIONS,19282,229,289.91,13,1623.96,0.0119,1.27,15.04,5.6
2026-03-30,META_004,App Install — iOS,CONVERSIONS,69867,3308,335.33,171,6144.03,0.0473,0.1,4.8,18.32
2026-03-31,META_001,Brand Awareness Q1,CONVERSIONS,70351,2277,485.71,147,4080.72,0.0324,0.21,6.9,8.4
2026-03-31,META_002,Retargeting — Website Visitors,AWARENESS,46053,538,451.88,32,3444.8,0.0117,0.84,9.81,7.62
2026-03-31,META_003,Prospecting — Lookalike 1%,AWARENESS,45735,55,153.45,1,99.14,0.0012,2.79,3.36,0.65
2026-03-31,META_004,App Install — iOS,AWARENESS,21284,865,321.06,43,5845.42,0.0406,0.37,15.08,18.21
